gid,x,y,z,cluster,nconn,nstems,nbranch,reach,straightness,total_length,longest_path
0,-115.3,-1059.9,1307.8,37,10,1,9,131.8,0.3,1956.4,424.6
1,-115.2,-1078.3,1162.5,67,7,1,6,225.0,0.5,2041.2,477.4
2,-26.8,-1028.4,1198.8,24,10,1,9,159.0,0.3,2854.9,465.4
3,-97.1,-1089.9,1641.6,64,7,4,3,117.2,0.4,1474.6,313.4
4,-323.7,-1120.0,833.8,61,9,2,7,152.6,0.5,1658.0,331.2
5,-857.0,-1156.5,214.3,57,9,1,8,238.8,0.6,2011.9,416.9
6,-7.5,-882.2,447.3,25,10,4,6,191.9,0.5,2304.5,420.8
7,-635.8,-1109.1,337.1,0,11,3,8,104.0,0.3,1956.6,297.1
8,-549.8,-937.2,334.8,17,11,2,9,192.3,0.4,1910.3,458.8
9,-171.1,-942.5,642.2,34,9,2,7,192.2,0.5,1540.8,405.7
10,-109.9,-1067.1,1597.3,64,10,2,7,120.3,0.3,1867.1,354.6
11,-732.2,-1085.2,398.4,59,8,1,7,172.4,0.4,2277.8,421.6
12,-106.6,-1149.6,1494.6,21,11,1,10,191.8,0.5,1869.7,418.0
13,-119.9,-1045.6,1270.0,37,11,3,8,128.8,0.3,2090.2,388.3
14,-326.5,-1116.9,1148.1,3,12,2,10,206.3,0.4,2681.0,469.7
15,-70.4,-997.9,1039.8,29,10,1,9,133.4,0.4,2447.6,373.3
16,-578.5,-1056.5,227.0,58,9,1,8,210.7,0.5,2311.3,442.9
17,-22.1,-765.4,401.0,27,9,3,6,176.9,0.5,1803.2,360.5
18,-48.8,-740.1,660.4,49,7,2,5,181.0,0.5,1745.5,390.8
19,-121.5,-791.7,521.4,68,6,1,5,144.0,0.4,1097.2,355.8
20,-87.4,-966.0,483.8,38,10,3,6,158.3,0.5,1894.7,325.8
21,-8.0,-770.1,596.1,68,9,3,6,147.1,0.3,2335.8,455.5
22,-76.1,-759.9,436.5,27,9,2,7,184.6,0.5,2379.4,406.0
23,-101.6,-725.9,249.4,39,12,1,10,195.5,0.5,3076.6,424.0
24,-101.2,-1104.2,1631.3,64,8,1,7,139.9,0.4,1221.6,349.7
25,-637.7,-1161.0,178.9,40,11,3,8,144.3,0.4,2699.2,395.7
26,-116.2,-800.1,469.5,51,13,1,12,125.8,0.3,2571.8,425.1
27,-54.7,-1091.6,1008.7,35,10,1,9,120.6,0.4,1450.7,298.4
28,-547.2,-989.7,222.2,10,10,1,9,149.9,0.4,2795.7,411.5
29,-128.3,-1142.1,1250.5,37,8,2,6,152.1,0.3,2207.0,439.3
30,-182.5,-1071.0,1270.7,37,9,1,8,128.4,0.3,1509.4,386.8
31,-440.7,-1062.4,614.0,63,11,4,7,183.5,0.5,2411.5,406.8
32,-110.3,-1103.8,1665.0,64,10,1,9,172.4,0.4,2208.0,453.7
33,-17.9,-980.1,589.3,5,9,2,7,226.9,0.5,2269.5,423.0
34,-62.5,-734.1,779.2,52,6,4,2,84.4,0.2,1251.0,393.3
35,7.7,-941.9,1086.1,62,13,1,12,231.9,0.5,2941.6,445.3
36,-382.2,-969.7,205.1,26,12,1,11,172.8,0.4,2926.4,450.6
37,-547.1,-1034.2,307.5,17,13,2,11,131.0,0.3,2781.9,442.6
38,-663.7,-1137.6,319.4,69,10,2,8,119.0,0.3,2150.9,391.9
39,-87.8,-814.3,636.9,7,11,1,9,182.7,0.4,1885.0,415.4
40,-487.4,-1148.1,666.1,19,10,2,8,171.5,0.5,2385.2,348.1
41,-451.8,-1098.6,527.6,63,11,2,8,148.6,0.4,3153.2,420.6
42,-390.3,-1042.9,533.9,63,10,2,8,159.0,0.4,2716.2,411.7
43,-125.1,-917.9,841.7,18,10,3,7,194.2,0.5,1983.4,410.4
44,-451.3,-992.5,334.3,74,11,1,10,153.5,0.3,2998.9,442.4
45,-148.6,-920.9,647.0,34,11,1,10,143.4,0.4,2855.4,397.3
46,-38.8,-1055.6,1564.1,21,7,1,5,196.3,0.5,1818.5,433.9
47,-716.8,-1123.8,414.6,59,10,2,8,132.7,0.3,2512.6,393.8
48,-475.6,-1135.1,786.4,19,10,4,6,190.3,0.4,2870.3,438.5
49,-527.7,-1060.1,683.6,19,10,3,7,134.7,0.3,2358.4,417.2
50,-0.5,-916.8,1046.7,29,11,2,6,188.6,0.5,1857.4,384.7
51,-492.7,-1008.5,390.1,42,8,1,7,176.8,0.5,1510.2,369.9
52,-411.6,-1003.2,409.7,42,7,2,5,129.7,0.3,1795.6,394.9
53,-69.4,-1024.2,1334.5,32,11,2,9,163.6,0.4,2322.8,414.8
54,-92.0,-830.8,851.3,18,9,3,6,160.6,0.4,2415.5,381.9
55,-250.8,-1104.6,955.9,61,11,2,9,149.6,0.4,2426.4,388.1
56,-70.6,-1109.3,1458.0,2,12,5,7,168.8,0.5,3137.8,360.1
57,-123.0,-847.4,734.1,71,7,3,4,126.3,0.4,1994.5,339.7
58,-614.6,-1005.0,105.0,50,11,3,8,163.6,0.4,2782.8,366.3
59,-481.2,-958.7,131.5,73,10,3,5,99.6,0.3,1260.7,388.5
60,-611.5,-1063.6,90.7,50,10,2,8,206.8,0.5,1994.1,417.9
61,-251.9,-888.2,447.1,30,8,2,6,149.1,0.4,2188.6,414.9
62,-59.7,-874.3,513.7,25,11,3,8,151.7,0.4,2355.6,352.9
63,-486.0,-979.3,71.2,45,9,1,8,180.1,0.4,2504.6,400.7
64,-182.6,-961.9,619.2,34,10,2,8,189.4,0.5,2454.9,417.5
65,-18.4,-737.0,592.4,68,9,4,5,122.7,0.3,1739.5,374.4
66,-114.6,-996.6,475.7,38,11,3,8,113.9,0.4,2065.0,308.0
67,-83.8,-769.1,573.0,68,8,3,5,186.8,0.4,2352.1,460.7
68,-161.0,-1096.5,1495.9,28,9,1,8,173.7,0.4,1787.7,390.1
69,-37.7,-877.0,603.6,7,9,4,5,178.4,0.4,2653.9,453.0
70,-39.6,-726.0,736.4,49,9,2,7,180.3,0.5,1621.3,346.1
71,-65.7,-1082.3,1222.2,24,12,4,8,133.8,0.4,2593.2,353.9
72,-23.6,-753.3,419.2,27,8,2,6,155.8,0.4,1970.3,375.7
73,-490.7,-1127.5,752.1,19,10,3,7,182.9,0.4,2225.0,430.4
74,-131.0,-1068.4,808.8,43,11,4,7,150.7,0.4,2593.3,416.9
75,-419.6,-894.5,431.0,22,8,2,6,181.0,0.4,2354.0,436.5
76,-42.0,-1054.9,999.5,35,8,4,4,186.2,0.5,1776.1,407.6
77,-93.4,-773.2,589.4,68,9,2,7,182.6,0.4,2032.7,412.6
78,-52.8,-1081.3,1277.3,24,10,2,8,175.5,0.4,2525.1,448.3
79,-726.5,-1099.3,169.9,6,10,1,9,163.3,0.4,1935.1,383.6
80,-282.6,-905.9,452.1,30,10,2,8,157.2,0.4,1827.0,413.4
81,-183.8,-1105.0,1582.0,28,13,3,10,155.9,0.4,2629.4,386.3
82,-45.3,-758.4,587.9,68,11,2,9,211.3,0.5,2608.0,409.6
83,-19.4,-964.2,451.8,38,10,2,8,158.3,0.4,2055.5,417.9
84,-48.6,-1125.4,1205.4,24,10,3,7,201.7,0.4,2297.2,451.3
85,-652.3,-1072.1,346.7,0,8,3,5,103.3,0.4,1166.2,269.1
86,-641.9,-1048.1,376.5,0,12,3,9,132.8,0.4,2793.4,360.1
87,-528.2,-1099.0,129.5,40,10,2,5,153.0,0.4,1379.5,388.7
88,-19.7,-770.9,817.5,52,11,2,9,136.1,0.3,2252.0,421.6
89,-176.2,-1159.4,1329.2,37,9,1,8,164.3,0.4,1966.9,397.4
90,-196.4,-860.5,514.2,60,10,3,6,170.2,0.4,2341.0,455.8
91,-39.0,-940.9,1271.6,24,11,2,9,160.7,0.4,2882.4,395.7
92,-69.6,-1068.4,1230.8,24,10,3,7,131.7,0.4,1919.6,356.4
93,-45.9,-1075.1,1292.6,24,9,2,7,135.4,0.3,2205.4,466.5
94,-194.0,-1060.5,1206.2,67,11,3,8,238.1,0.5,3015.5,454.9
95,-169.1,-1105.8,1369.6,9,10,2,8,174.9,0.4,2141.6,390.9
96,-327.3,-930.5,401.5,4,8,2,6,170.9,0.4,2128.3,406.1
97,-203.8,-1107.8,1606.9,28,9,2,7,122.8,0.3,2266.5,385.0
98,-453.2,-979.9,434.4,42,8,3,5,190.8,0.4,2204.6,428.2
99,-75.8,-1065.1,1507.3,21,9,2,7,125.8,0.4,2188.2,341.4
100,-67.5,-780.3,365.7,1,8,3,5,130.7,0.4,1306.8,362.2
101,-44.1,-682.7,323.6,1,13,4,7,166.2,0.4,2964.7,411.7
102,-538.5,-1049.7,439.8,31,6,4,2,133.2,0.4,1207.2,371.5
103,-46.1,-994.3,1101.1,12,11,2,9,145.8,0.3,3255.1,424.0
104,-639.3,-1069.6,264.1,58,8,1,6,152.9,0.4,1613.1,363.8
105,-583.0,-1121.4,188.9,40,11,2,9,151.3,0.4,2371.6,413.5
106,-39.4,-725.9,626.9,68,11,3,8,172.9,0.5,2826.3,369.7
107,-88.2,-745.1,615.7,68,8,2,6,138.8,0.3,2208.0,413.0
108,-68.4,-786.7,538.3,68,11,1,10,141.4,0.4,2495.7,356.5
109,-164.2,-818.5,577.2,60,12,2,10,175.3,0.4,3877.3,418.9
110,-195.0,-1020.7,784.8,72,11,2,9,129.8,0.3,2617.4,408.9
111,-199.4,-1146.8,1260.1,33,10,2,8,155.3,0.4,2449.2,404.9
112,-126.3,-1081.4,811.8,43,11,3,8,185.4,0.4,1845.3,419.4
113,-593.7,-1165.5,682.6,16,11,2,9,111.5,0.3,1904.5,373.1
114,-449.4,-972.7,387.9,42,10,3,7,143.1,0.5,2006.7,315.8
115,-253.3,-917.3,268.2,20,12,2,10,171.6,0.4,2470.7,429.2
116,-33.9,-1086.4,1481.3,2,9,1,8,135.1,0.3,2060.4,412.5
117,-461.6,-960.9,128.7,45,8,1,7,187.8,0.4,1806.1,427.0
118,-97.8,-975.5,358.3,54,8,2,6,171.4,0.4,2444.1,416.0
119,-301.6,-1119.0,1099.1,3,9,2,7,129.8,0.3,2038.7,423.5
120,-94.4,-952.9,974.6,29,12,2,10,157.1,0.4,2087.8,378.7
121,-635.1,-1106.5,296.3,69,10,1,9,191.3,0.5,2114.4,379.6
122,-579.8,-1104.1,300.9,69,11,3,8,154.9,0.4,2533.2,393.6
123,-631.3,-1079.6,402.5,59,9,3,6,158.0,0.3,2242.5,466.3
124,-47.8,-812.1,481.0,27,8,2,6,139.4,0.4,1326.7,335.9
125,-24.0,-722.1,435.7,27,9,3,6,198.7,0.4,2616.1,484.9
126,-103.0,-901.0,599.8,7,10,3,7,173.8,0.5,2148.3,354.1
127,-237.7,-1057.3,998.9,56,9,2,7,181.8,0.5,2186.0,373.4
128,-146.3,-920.1,524.3,60,8,1,7,135.2,0.4,1603.0,375.0
129,-642.6,-1062.3,458.1,59,9,3,5,104.5,0.2,2317.4,423.1
130,-507.5,-970.6,373.2,42,11,2,9,153.2,0.4,2912.8,430.0
131,-103.0,-788.9,661.7,49,12,2,10,149.7,0.4,2453.7,366.1
132,-421.5,-941.7,442.5,22,8,2,6,157.4,0.3,2475.7,474.7
133,-17.9,-941.3,577.3,25,9,3,6,173.7,0.4,2356.3,396.4
134,-58.2,-796.5,350.4,1,9,3,6,159.3,0.4,2620.0,440.8
135,-136.1,-900.6,850.2,18,10,2,8,165.9,0.4,2226.7,455.6
136,-50.9,-984.7,1082.3,12,8,2,6,186.6,0.5,1871.4,381.5
137,-676.5,-1042.8,276.6,58,7,2,5,257.1,0.6,2013.3,419.2
138,-657.2,-1017.6,273.4,58,10,2,8,187.2,0.5,2744.6,413.1
139,-317.8,-976.4,511.5,41,9,1,8,198.7,0.5,2337.9,389.9
140,-229.3,-829.0,506.5,60,10,2,8,140.9,0.4,2496.2,399.7
141,-425.8,-950.7,530.7,22,13,3,10,197.3,0.6,2520.2,346.4
142,-147.1,-1118.5,1486.4,28,7,2,5,139.0,0.3,1113.8,413.9
143,-713.9,-1168.2,171.6,6,11,2,8,133.1,0.3,2029.1,431.9
144,-385.0,-1005.0,714.6,65,8,1,6,178.5,0.5,1883.9,394.8
145,-117.4,-805.8,343.8,51,7,2,5,151.8,0.4,1966.1,420.6
146,-416.7,-1009.8,117.7,45,10,2,7,171.3,0.4,2323.6,415.1
147,-114.4,-712.7,353.6,1,11,2,9,230.2,0.5,1929.0,424.1
148,-158.9,-776.5,523.3,60,9,2,7,170.4,0.4,2581.4,416.5
149,-530.6,-1009.8,81.1,73,9,3,6,170.8,0.4,2550.1,388.1
150,-12.4,-1060.3,1477.8,2,11,1,9,143.4,0.4,1975.2,397.4
151,-652.9,-1131.9,606.1,16,9,1,7,142.5,0.4,1588.3,380.5
152,-816.3,-1171.6,296.1,44,8,3,5,178.3,0.4,2458.6,470.1
153,-256.1,-1084.1,1020.9,56,13,2,11,136.9,0.4,2256.3,370.4
154,-455.1,-1060.0,703.0,65,9,3,6,139.0,0.3,1702.5,439.1
155,-277.0,-1014.6,566.2,47,11,3,7,175.7,0.5,2342.1,376.2
156,-73.3,-729.1,425.3,27,11,5,6,155.3,0.4,3233.8,420.6
157,-547.6,-1118.1,639.2,16,11,1,10,116.4,0.3,2868.2,353.3
158,-71.1,-1042.8,1152.7,12,9,2,7,125.5,0.3,2366.8,412.8
159,4.4,-860.6,406.4,27,9,1,7,151.4,0.4,1938.9,376.2
160,-436.3,-1058.5,649.4,65,8,4,4,165.5,0.5,1784.9,336.0
161,-119.0,-1160.0,1660.8,64,11,1,10,141.1,0.3,2961.2,427.6
162,-66.8,-851.8,634.9,7,4,2,2,120.6,0.3,781.5,352.4
163,-194.5,-796.0,416.5,51,13,2,11,203.5,0.5,2754.1,395.3
164,-427.8,-1066.6,797.0,65,9,2,7,176.3,0.4,2404.1,491.4
165,-204.7,-1099.0,1244.5,33,10,4,6,139.4,0.3,2476.2,427.1
166,-76.2,-1045.1,1361.9,32,11,1,10,162.2,0.4,1944.2,366.5
167,-453.3,-1085.8,793.6,65,10,4,6,173.7,0.4,2694.8,413.2
168,-111.7,-1126.1,1181.9,67,7,1,6,153.9,0.4,1565.7,431.4
169,-507.5,-1004.7,84.1,73,11,2,9,193.8,0.4,2664.2,450.4
170,-106.6,-746.9,404.3,51,12,3,9,172.0,0.4,2806.4,416.9
171,-203.8,-1064.8,1287.0,37,11,1,10,134.7,0.4,1884.2,341.2
172,-623.2,-1165.5,605.2,16,8,2,6,137.1,0.3,1637.8,403.5
173,-180.6,-969.9,918.6,66,10,2,8,151.9,0.4,1650.0,341.8
174,-583.0,-1120.8,200.1,40,9,2,7,155.6,0.4,1891.5,393.5
175,-530.5,-1150.0,708.8,19,12,4,8,173.7,0.4,1882.4,427.3
176,-470.1,-922.5,431.0,22,10,2,7,161.7,0.4,2513.8,399.1
177,-608.6,-1134.2,256.0,69,9,1,8,161.7,0.4,2065.5,392.0
178,-38.1,-880.0,700.7,7,9,3,6,144.1,0.3,2396.5,432.7
179,-244.3,-964.4,435.4,30,8,2,6,163.7,0.4,2010.2,422.1
180,-79.6,-859.4,352.9,54,11,2,9,133.2,0.4,1969.0,327.6
181,-520.0,-1035.1,424.0,31,10,4,6,116.9,0.3,2243.2,339.0
182,-751.2,-1172.2,263.1,6,11,2,9,207.1,0.5,3336.8,448.0
183,-48.3,-1096.0,1302.7,32,12,2,10,136.1,0.3,3397.7,414.0
184,-560.9,-1075.5,351.9,53,9,1,8,183.7,0.5,1679.9,401.0
185,-502.1,-1018.8,703.4,65,10,1,9,143.5,0.3,2037.7,415.5
186,-143.5,-865.2,237.8,48,10,2,8,180.8,0.4,2623.8,433.2
187,-258.5,-1153.3,1260.4,33,10,4,6,133.1,0.4,1952.6,339.1
188,-81.5,-774.9,536.5,68,11,2,9,165.7,0.4,2680.9,421.4
189,-522.2,-963.5,170.9,10,11,1,10,181.5,0.5,2130.1,401.2
190,-383.1,-912.0,489.5,23,8,1,7,119.6,0.3,1839.2,421.4
191,-653.3,-1140.5,587.1,16,9,1,8,154.1,0.5,1664.5,335.5
192,-204.9,-1105.3,837.8,13,10,2,8,151.6,0.4,2738.1,420.5
193,-284.9,-1084.5,1259.1,33,8,2,6,193.0,0.4,1929.8,430.7
194,-508.8,-978.0,63.3,73,8,3,4,126.2,0.4,1364.7,295.8
195,-20.8,-1080.3,1325.3,32,13,3,10,151.8,0.4,3163.4,433.1
196,-226.7,-928.3,391.6,30,9,1,8,185.9,0.4,2155.8,436.7
197,-106.1,-913.7,314.7,54,12,4,8,153.6,0.4,3179.0,411.2
198,-68.9,-1155.1,1375.3,2,9,3,5,153.0,0.4,2243.9,391.9
199,-205.5,-1023.4,1021.2,56,8,3,5,131.6,0.3,2137.9,417.4
200,-338.9,-849.7,435.6,23,9,2,7,143.4,0.3,2325.0,476.6
201,-153.3,-1124.7,1069.1,56,10,1,9,129.3,0.3,2300.5,430.4
202,-53.1,-743.6,512.0,68,10,3,7,152.4,0.4,1656.4,339.9
203,-21.0,-776.6,424.0,27,11,3,8,157.3,0.5,2340.5,333.5
204,-523.5,-1000.7,117.8,73,7,3,4,98.1,0.3,1308.6,326.2
205,-297.3,-1078.9,758.2,46,8,2,6,123.8,0.4,2033.9,327.8
206,-243.4,-1112.4,839.3,13,9,1,8,159.7,0.4,1510.9,408.4
207,-133.4,-1063.2,976.2,55,12,3,9,157.4,0.4,2431.7,377.2
208,-449.1,-894.3,455.6,22,12,1,11,139.0,0.3,2803.1,431.9
209,-529.9,-1093.7,416.4,31,10,2,8,135.6,0.4,1886.9,341.7
210,-175.2,-1118.0,1059.4,56,10,3,7,121.7,0.4,1394.2,339.4
211,-44.7,-801.4,267.2,39,9,2,7,176.5,0.4,2200.8,432.5
212,-442.5,-960.1,96.6,45,11,2,9,144.5,0.3,2695.4,454.5
213,-388.7,-1006.0,380.3,4,10,1,9,172.6,0.4,2442.3,408.8
214,-107.8,-974.6,761.9,70,9,1,8,174.2,0.5,1730.1,377.2
215,-136.3,-809.3,447.2,51,12,3,9,172.6,0.4,3119.5,487.0
216,-594.1,-1053.7,573.3,16,12,2,10,162.9,0.4,2481.4,432.6
217,-67.5,-802.4,820.5,52,9,2,7,112.9,0.3,1825.7,414.4
218,-666.8,-1080.6,431.0,59,8,2,6,197.9,0.5,2284.0,429.0
219,-662.5,-1102.1,194.5,6,9,3,6,123.7,0.3,2177.7,408.9
220,-744.4,-1082.8,148.5,6,9,2,7,197.1,0.4,2721.1,444.2
221,-87.8,-990.4,596.1,5,11,2,9,165.4,0.4,3165.5,468.5
222,-213.6,-863.9,386.8,20,9,2,7,179.7,0.4,2671.2,447.4
223,-91.8,-721.2,263.8,39,11,4,7,184.6,0.4,2996.2,418.4
224,-533.3,-1137.1,770.5,19,11,3,8,100.4,0.3,1586.4,317.8
225,-461.1,-1126.1,757.5,19,9,3,6,112.3,0.4,1594.6,309.9
226,-422.6,-1060.2,710.8,65,10,3,7,137.7,0.3,2649.0,447.6
227,-70.0,-1154.5,1494.3,21,10,4,6,157.7,0.4,2758.7,428.6
228,-32.9,-1050.4,1470.2,2,13,3,10,137.2,0.3,2804.7,421.1
229,-62.3,-887.2,546.4,25,7,2,5,114.0,0.3,1714.2,367.2
230,-28.3,-813.3,495.6,25,12,3,9,131.4,0.4,2389.7,370.6
231,-424.1,-949.1,501.9,22,10,2,8,165.3,0.4,2416.2,427.0
232,-29.7,-796.0,676.0,49,10,1,9,160.6,0.4,1985.6,428.6
233,-76.8,-754.7,690.5,49,11,2,9,98.4,0.2,2124.3,411.8
234,-68.7,-884.3,763.6,71,11,1,10,141.3,0.4,2175.8,372.7
235,-51.7,-1133.4,1506.1,21,12,2,9,147.8,0.3,2524.4,426.2
236,-110.5,-1143.7,1161.6,67,10,2,8,139.1,0.4,2266.7,366.0
237,-603.7,-1138.7,453.2,53,11,3,8,164.5,0.4,2534.8,414.4
238,-696.4,-1169.2,242.7,6,10,2,8,160.4,0.4,1574.7,422.4
239,-145.6,-1049.3,1448.1,9,12,1,11,166.6,0.4,2650.5,392.7
240,-52.1,-727.5,791.6,52,10,2,8,127.1,0.3,2021.6,377.9
241,-81.0,-942.6,988.1,29,10,2,8,114.7,0.3,1860.9,367.9
242,-70.0,-1029.4,1436.3,2,9,1,7,138.6,0.3,2091.1,487.2
243,-18.4,-741.1,791.5,52,11,3,8,179.4,0.4,2970.8,492.3
244,-783.6,-1143.5,235.1,57,11,3,8,176.6,0.4,2322.3,422.8
245,-531.8,-997.9,381.1,42,11,1,10,174.6,0.4,2723.3,422.1
246,-745.9,-1047.4,253.2,14,12,1,11,176.5,0.4,2832.7,437.2
247,-113.7,-763.2,726.7,49,9,2,6,166.5,0.4,1932.6,370.4
248,-725.3,-1065.7,45.2,50,11,2,9,145.9,0.4,1960.0,389.6
249,-108.0,-1066.8,1218.9,67,9,2,7,127.0,0.4,1894.3,340.3
250,-303.2,-874.9,457.4,23,10,1,9,168.9,0.4,2387.7,407.0
251,-592.8,-1205.6,632.4,16,10,1,9,133.8,0.3,2326.9,443.7
252,-82.9,-867.8,534.1,25,12,1,11,121.9,0.3,2295.7,380.8
253,-130.7,-886.8,394.9,54,9,1,8,148.7,0.4,2133.7,412.0
254,-104.8,-1085.5,1599.9,64,12,3,9,117.6,0.3,2606.7,366.8
255,-209.3,-1066.2,1136.2,3,10,3,7,138.3,0.4,1828.2,372.1
256,-26.6,-941.8,299.9,54,9,3,6,176.9,0.4,2328.5,466.0
257,-244.8,-1088.1,767.1,46,12,1,11,118.9,0.3,2693.1,393.8
258,-477.0,-970.6,488.1,22,8,4,4,140.5,0.4,1850.5,360.4
259,-81.5,-1114.3,1523.2,21,10,2,8,151.2,0.4,2798.6,420.5
260,-76.4,-984.9,663.4,5,10,2,8,185.6,0.5,2587.6,405.7
261,-237.5,-1037.9,957.6,61,11,3,8,129.9,0.3,2489.4,440.1
262,-527.1,-976.0,77.8,73,10,3,7,129.6,0.3,2482.1,395.9
263,-515.0,-967.0,390.6,42,11,2,9,176.8,0.4,2854.0,412.9
264,-431.4,-1100.9,811.6,65,8,1,7,104.9,0.3,2044.8,400.0
265,-99.6,-906.4,698.5,71,10,2,7,107.5,0.3,1513.6,307.7
266,-151.4,-1127.9,1534.6,28,10,3,7,163.2,0.4,2940.4,396.7
267,-505.7,-1169.5,688.6,19,9,1,8,178.2,0.4,2463.8,410.3
268,-615.7,-1142.0,292.2,69,10,2,8,163.3,0.4,2208.0,365.3
269,-208.8,-1108.7,1437.8,9,10,2,8,205.0,0.6,2306.6,367.2
270,-43.3,-908.2,291.6,54,11,2,9,134.5,0.3,2941.3,459.9
271,-768.0,-1190.6,227.1,6,11,1,10,190.8,0.5,2089.9,419.6
272,-180.6,-953.8,716.2,72,11,4,7,138.7,0.3,2593.2,414.9
273,-344.3,-1030.3,615.6,47,10,1,9,198.5,0.5,2317.2,421.2
274,-195.3,-1028.9,607.4,34,9,2,7,165.8,0.4,1901.6,390.4
275,-198.2,-929.5,783.7,72,10,1,8,157.4,0.4,1408.2,444.9
276,-49.9,-877.8,873.6,11,9,1,7,168.5,0.4,1549.8,384.4
277,-701.8,-1067.3,50.3,50,9,2,7,165.0,0.5,1341.9,317.6
278,-424.5,-984.5,318.0,74,8,1,7,174.7,0.5,1267.4,368.4
279,-108.9,-891.8,429.0,54,12,4,8,165.6,0.4,2893.1,429.9
280,-80.3,-1023.4,1093.5,12,11,2,9,155.4,0.3,2262.4,445.1
281,-154.5,-959.9,317.7,54,9,1,8,160.6,0.4,2536.2,428.2
282,-167.4,-969.2,926.7,66,7,2,4,168.0,0.4,2046.1,421.5
283,-70.7,-1137.3,1425.6,2,12,2,10,163.8,0.4,2623.9,415.3
284,-693.8,-1069.7,403.0,59,10,5,4,121.2,0.4,1909.7,328.3
285,-280.6,-1112.5,1122.5,3,11,1,10,158.2,0.4,2305.8,405.9
286,-601.0,-1131.2,667.2,16,11,3,8,136.1,0.3,3035.1,449.2
287,-817.6,-1098.0,296.5,44,10,1,9,157.2,0.4,2273.7,417.7
288,-90.5,-966.1,374.1,54,8,4,4,152.3,0.3,2413.9,451.1
289,-487.7,-992.2,453.0,42,10,1,9,207.3,0.4,2346.6,472.8
290,-38.7,-883.9,894.7,11,8,3,5,175.8,0.5,1848.6,388.3
291,-843.3,-1127.8,323.5,44,8,4,4,158.5,0.4,1975.7,368.3
292,-16.8,-1028.2,420.6,38,11,3,8,176.1,0.4,2953.7,397.7
293,-345.2,-974.6,624.4,15,11,1,10,191.1,0.5,1630.5,396.5
294,-60.2,-848.2,361.4,54,11,2,9,168.8,0.4,2609.8,426.8
295,-350.0,-915.4,205.8,26,9,1,8,139.2,0.5,1464.5,293.8
296,-146.3,-838.4,473.8,60,10,2,8,177.0,0.4,2774.9,484.0
297,-549.2,-1090.2,555.0,16,13,2,11,166.4,0.4,2260.9,370.7
298,5.3,-854.1,510.1,25,12,1,11,160.1,0.3,3007.6,476.2
299,-86.7,-870.1,897.3,11,12,2,10,208.4,0.5,2535.0,384.2
300,-761.6,-1130.3,470.9,8,10,1,9,171.5,0.4,2026.9,465.0
301,-474.1,-1079.5,403.6,31,11,2,9,157.5,0.3,3029.2,453.7
302,-281.5,-830.4,445.2,23,11,3,8,149.2,0.4,2613.0,423.2
303,-156.1,-792.1,377.6,51,10,3,7,167.9,0.4,2803.9,443.0
304,-55.1,-952.3,1170.2,62,11,2,9,137.5,0.4,2393.2,351.3
305,-124.9,-884.7,229.7,48,7,2,5,175.2,0.5,1240.8,386.3
306,-461.4,-1117.9,837.4,19,6,2,4,98.2,0.4,862.7,224.3
307,-464.9,-975.1,552.0,22,9,2,7,191.8,0.5,1667.5,389.9
308,-488.9,-1073.6,691.4,19,10,3,7,158.2,0.4,2264.4,403.5
309,-259.3,-985.3,855.5,72,12,1,9,149.5,0.4,1951.0,363.3
310,-91.8,-913.6,775.6,71,9,5,4,215.3,0.5,2058.7,436.4
311,-80.2,-1168.5,1502.5,21,9,1,8,161.0,0.3,2145.0,468.8
312,-338.3,-917.2,441.2,23,11,1,10,181.3,0.4,2518.1,419.4
313,-3.6,-1058.4,1088.9,35,11,2,9,153.2,0.4,2288.4,412.0
314,-176.0,-1135.6,934.6,55,9,1,8,180.3,0.4,1828.3,444.5
315,-39.3,-978.7,1145.4,12,11,1,9,156.3,0.4,1999.0,408.7
316,-79.4,-1003.8,800.2,70,8,2,4,112.7,0.3,1199.5,346.4
317,-498.7,-1055.2,32.6,45,11,2,8,221.7,0.5,2588.1,426.5
318,-65.9,-804.1,187.8,48,9,4,4,117.9,0.4,1571.9,299.6
319,-113.0,-1142.6,932.8,55,12,1,10,194.5,0.5,2275.9,382.9
320,-60.0,-815.6,890.3,11,12,2,10,132.3,0.4,2446.4,362.5
321,-225.7,-1032.3,813.1,13,10,2,8,165.5,0.4,2463.6,415.3
322,-533.4,-1082.1,327.3,17,9,3,6,155.0,0.4,2134.8,423.0
323,-206.8,-1050.5,912.2,13,9,3,6,130.2,0.3,2458.6,385.8
324,-245.1,-869.7,563.6,60,9,4,5,159.3,0.4,2301.7,433.9
325,-57.5,-1072.8,1562.9,21,11,2,9,170.0,0.5,1604.9,341.7
326,-239.8,-1097.1,835.6,13,12,2,10,157.4,0.4,3018.3,409.0
327,-69.1,-961.0,592.8,5,11,2,9,190.8,0.5,2415.9,385.0
328,-549.3,-1005.5,148.3,73,11,1,10,216.6,0.5,2557.6,450.4
329,-318.9,-1005.6,588.7,47,10,2,8,172.9,0.5,1666.4,354.1
330,-394.2,-969.7,378.7,4,10,2,8,169.9,0.5,2196.9,366.9
331,-452.1,-1070.6,521.8,63,11,2,9,160.0,0.4,2512.9,375.3
332,-272.4,-994.6,771.5,72,8,2,6,137.5,0.5,1128.1,304.2
333,-219.5,-1137.1,1446.7,9,11,3,8,144.6,0.4,1792.1,402.2
334,-190.7,-1145.6,1586.4,28,9,3,6,84.4,0.3,1012.5,282.0
335,-281.1,-963.2,709.0,72,10,4,6,211.1,0.5,2227.1,416.7
336,-341.7,-927.6,446.1,23,10,2,8,165.6,0.4,2439.4,455.1
337,-201.5,-1013.4,646.1,34,14,4,10,175.6,0.4,3016.0,413.1
338,-37.7,-909.1,1020.9,29,8,1,6,111.5,0.4,853.4,315.4
339,-48.8,-1007.9,1372.7,32,9,4,5,147.7,0.3,2712.4,471.0
340,-39.9,-997.4,1090.4,12,12,1,10,119.3,0.3,2229.3,416.3
341,-163.0,-974.4,801.0,72,6,3,3,183.7,0.5,1699.1,361.9
342,-113.1,-1041.0,963.3,55,9,4,5,167.5,0.4,2216.1,428.6
343,-693.9,-1090.7,266.1,14,7,2,5,171.3,0.4,1795.9,436.6
344,-511.3,-949.7,460.2,22,11,1,10,212.9,0.5,2156.4,456.0
345,-191.6,-1145.3,1175.3,3,9,1,8,139.8,0.3,2107.2,436.4
346,-607.2,-1049.1,206.7,58,10,1,9,149.0,0.3,2318.6,460.3
347,-324.8,-916.2,477.9,23,10,1,9,136.8,0.3,2798.8,407.1
348,-769.8,-1158.0,439.4,8,10,1,9,160.9,0.4,1778.6,423.8
349,-106.1,-1025.4,1278.3,24,9,4,5,193.7,0.5,2798.9,410.9
350,-23.7,-1092.2,1341.5,32,7,2,5,130.5,0.4,1451.1,354.4
351,-125.9,-791.0,184.2,48,7,3,4,117.6,0.3,1554.4,377.9
352,-122.0,-838.6,184.8,48,9,4,4,133.3,0.4,1642.6,312.0
353,-726.1,-1111.8,481.7,8,9,3,6,202.9,0.5,1994.2,408.8
354,-245.8,-981.4,446.1,30,10,2,7,162.9,0.4,2191.5,463.3
355,-422.5,-1106.5,756.1,65,12,3,9,147.8,0.4,2858.6,372.3
356,-150.2,-1040.2,1207.2,67,12,3,8,216.1,0.6,2158.0,372.9
357,-462.7,-1012.9,136.7,45,11,2,9,183.3,0.5,2775.8,391.7
358,-393.0,-1033.9,591.4,47,11,1,10,170.7,0.4,2459.0,425.9
359,-487.4,-1027.7,94.6,45,10,1,9,232.9,0.5,2550.7,458.6
360,-155.4,-966.9,533.0,34,11,1,9,147.3,0.3,2763.5,451.2
361,-132.1,-918.8,930.5,66,7,2,5,226.3,0.6,1751.8,407.8
362,-628.8,-1122.9,605.6,16,8,1,7,198.9,0.4,1980.5,451.1
363,-674.2,-1144.6,577.2,8,10,3,7,183.3,0.4,2426.9,440.0
364,-608.0,-1009.9,391.3,0,8,1,7,159.2,0.4,1477.3,374.3
365,-145.0,-1070.8,994.5,55,9,2,7,159.4,0.4,1901.8,422.9
366,-81.8,-1018.8,418.4,38,10,3,7,194.7,0.4,2663.4,458.7
367,-680.5,-1173.2,221.1,6,12,2,9,155.3,0.4,2745.2,410.7
368,-430.6,-1030.1,76.4,45,10,3,7,135.1,0.4,1650.3,381.2
369,-174.4,-1047.3,802.5,13,11,3,8,185.9,0.4,2891.9,469.3
370,-625.8,-1105.7,92.4,50,8,1,7,190.0,0.4,1754.5,441.3
371,-278.4,-1106.7,911.3,61,10,2,8,151.0,0.3,2349.7,450.1
372,-72.2,-951.8,590.2,5,13,3,10,137.4,0.3,2915.0,403.3
373,-298.4,-1058.4,882.2,61,9,3,6,124.1,0.5,1826.6,274.2
374,-632.3,-1109.0,62.9,50,11,2,9,171.5,0.4,2146.0,443.9
375,-52.7,-1132.7,1034.1,35,12,1,11,98.2,0.4,1731.4,260.1
376,-139.1,-1082.2,1219.4,67,10,1,9,145.8,0.3,2146.8,463.3
377,-267.0,-1109.5,1266.1,33,11,2,9,82.7,0.2,1497.8,333.7
378,-746.4,-1096.9,314.1,14,10,3,7,115.1,0.4,1459.5,266.4
379,-32.0,-811.0,566.8,68,9,2,7,145.7,0.3,2665.9,432.9
380,-301.8,-937.2,550.6,41,10,1,9,149.7,0.4,1838.7,344.2
381,-731.4,-1183.1,293.8,14,10,1,9,214.8,0.5,2355.3,445.3
382,-40.1,-778.4,754.0,52,10,4,6,107.9,0.3,2325.2,415.3
383,-614.9,-1002.5,255.3,58,10,1,9,246.7,0.6,2012.5,438.0
384,-73.7,-824.6,853.3,18,11,2,9,159.6,0.4,2390.5,422.9
385,-232.2,-887.6,619.4,60,9,2,7,191.6,0.5,1747.0,363.2
386,-68.0,-1073.3,979.2,55,10,4,6,152.3,0.4,1907.3,413.4
387,-583.7,-1143.3,352.7,53,10,1,8,193.2,0.4,2156.5,476.2
388,-273.8,-1118.8,1361.7,9,9,3,6,141.1,0.4,2437.3,389.5
389,-657.6,-1077.3,110.2,50,10,2,8,108.8,0.3,2765.5,429.1
390,-74.4,-763.6,660.0,49,9,1,8,133.3,0.3,2071.8,424.5
391,-53.1,-817.5,912.9,11,10,2,8,201.3,0.5,2311.6,421.3
392,-273.8,-885.5,158.6,26,12,2,10,125.7,0.4,2078.6,337.4
393,-390.5,-983.8,104.0,45,12,3,9,192.9,0.4,3310.3,432.8
394,-200.0,-1082.4,1405.9,9,11,2,8,123.6,0.3,2241.1,442.8
395,-893.2,-1152.5,310.6,44,10,3,7,178.1,0.5,1976.1,361.5
396,-511.5,-1109.2,676.1,19,9,4,5,137.5,0.4,1347.4,362.5
397,-489.2,-1023.7,102.6,73,11,3,8,129.6,0.3,2285.6,408.8
398,-146.9,-1018.8,492.8,38,9,1,8,93.9,0.3,1274.8,295.9
399,-182.5,-847.3,373.5,20,10,1,9,202.6,0.4,2490.5,454.7
400,-601.0,-1108.3,607.8,16,12,1,11,167.8,0.4,2523.0,437.3
401,-351.8,-902.1,388.7,4,11,3,8,148.3,0.4,1878.4,346.1
402,-92.6,-912.1,342.8,54,10,5,5,200.2,0.4,3089.2,474.0
403,-183.0,-808.6,300.0,20,9,1,8,178.5,0.4,1567.5,425.0
404,-94.1,-1157.4,1423.5,2,10,2,8,229.0,0.6,2239.9,384.9
405,-33.2,-698.1,603.4,68,10,3,7,182.8,0.4,2046.1,453.7
406,-22.7,-1059.9,1092.1,35,12,4,8,179.4,0.5,3699.3,393.0
407,-606.3,-1045.8,159.5,40,8,2,6,203.7,0.5,2141.9,405.6
408,-568.2,-1132.0,561.7,16,10,2,8,125.8,0.3,2428.0,427.9
409,-148.9,-966.0,645.5,34,9,2,7,128.9,0.3,2555.4,422.2
410,-362.2,-896.3,478.9,23,9,3,6,192.6,0.4,2374.3,437.3
411,-49.6,-770.8,427.3,27,10,1,9,186.1,0.4,2462.7,419.4
412,-129.2,-946.0,667.0,5,9,3,6,147.6,0.3,2806.0,425.1
413,-602.1,-1062.8,153.9,40,9,2,7,144.8,0.4,2000.0,378.4
414,4.7,-891.1,523.5,25,9,1,8,147.7,0.4,2075.0,337.9
415,-295.8,-1057.4,947.9,61,8,3,5,121.1,0.3,1872.4,355.4
416,-555.4,-1027.0,426.3,31,10,2,8,166.7,0.4,2027.9,402.7
417,-19.2,-866.3,701.4,7,10,3,6,149.9,0.4,2278.8,368.5
418,-46.8,-1040.8,788.8,70,9,2,7,198.3,0.5,2321.4,440.1
419,-119.4,-830.2,639.5,7,10,1,9,145.7,0.3,2826.9,420.1
420,-675.3,-1112.8,128.8,50,8,3,3,120.8,0.3,1482.0,399.7
421,-892.5,-1118.3,294.0,44,9,3,6,181.3,0.4,2547.4,436.8
422,-359.3,-981.7,227.1,26,8,2,5,162.3,0.4,1519.5,419.4
423,-57.9,-793.8,297.3,39,10,1,9,180.6,0.4,2633.5,417.0
424,-291.8,-1116.4,1297.2,33,11,2,9,191.7,0.5,1745.3,424.4
425,-185.4,-879.2,315.3,20,11,3,8,137.1,0.3,2540.1,415.6
426,-57.8,-989.3,1151.4,12,10,3,7,166.0,0.4,2557.3,427.2
427,-720.5,-1132.1,200.7,6,10,2,8,145.6,0.4,1851.5,354.7
428,-249.3,-896.0,248.7,20,10,3,7,179.6,0.5,2050.3,372.8
429,-574.4,-1003.1,151.0,73,9,2,7,126.3,0.3,1766.1,392.0
430,-261.3,-1116.6,995.4,61,9,1,7,209.1,0.5,1563.7,408.3
431,-13.2,-1053.7,1371.8,32,9,4,5,177.6,0.5,2395.4,381.1
432,-192.4,-1134.7,1368.4,9,12,2,10,169.5,0.4,1935.7,383.1
433,-208.7,-1125.9,1104.4,3,9,1,8,153.7,0.4,1948.2,399.5
434,-772.4,-1102.4,267.1,14,8,2,6,165.7,0.4,2064.4,419.7
435,-115.0,-1076.2,1507.6,21,9,2,7,151.6,0.3,2867.7,433.7
436,-161.9,-1077.8,1243.3,37,10,2,7,104.8,0.2,1714.9,455.1
437,-639.3,-1123.4,595.6,16,8,1,7,193.3,0.4,2545.9,477.2
438,-152.8,-1025.8,605.4,34,11,1,10,144.8,0.4,2185.1,386.7
439,-376.6,-1021.4,611.2,47,11,2,9,179.5,0.4,2577.4,417.6
440,-183.6,-986.9,863.6,66,11,3,8,114.6,0.4,1726.6,312.5
441,-15.0,-917.8,977.7,29,9,3,6,169.9,0.4,1395.8,401.9
442,-300.6,-898.3,561.0,23,10,3,7,178.5,0.5,2578.1,388.8
443,-836.3,-1153.1,257.9,44,9,1,8,117.2,0.3,1598.3,394.7
444,-238.9,-1136.5,1361.0,9,9,2,6,115.4,0.3,1913.0,451.5
445,-182.0,-950.3,522.7,34,11,1,9,130.9,0.3,2082.8,455.8
446,-119.8,-918.8,291.0,54,9,1,8,187.0,0.5,2231.3,403.7
447,-141.0,-904.0,309.9,54,10,1,9,197.6,0.5,2668.5,417.0
448,-9.0,-1048.4,1439.3,2,10,1,9,170.2,0.4,2390.9,404.2
449,-444.8,-1056.5,736.8,65,10,2,8,90.1,0.3,1301.0,265.3
450,-160.8,-1091.0,832.9,13,9,3,6,178.4,0.4,2578.4,407.5
451,-124.1,-1087.3,1179.8,67,9,1,8,116.8,0.3,1656.1,384.1
452,-138.7,-843.8,824.0,18,12,2,10,182.6,0.5,2181.9,398.1
453,-126.5,-762.9,319.0,39,11,2,9,174.6,0.4,2757.1,395.9
454,-485.1,-1082.2,76.8,45,10,2,8,205.8,0.5,2021.6,431.2
455,-78.6,-1042.1,1442.5,2,11,1,10,151.6,0.4,2212.3,408.5
456,-164.4,-806.0,767.6,71,8,4,4,183.7,0.5,2250.4,381.9
457,-108.7,-977.4,986.5,29,10,2,8,148.8,0.3,3020.3,443.0
458,-109.0,-893.8,723.0,71,7,3,4,208.3,0.6,1656.5,378.2
459,-51.1,-701.0,329.0,1,11,1,10,149.6,0.3,2868.2,449.6
460,-759.2,-1081.7,361.5,14,10,4,6,123.0,0.4,1314.3,294.6
461,-15.5,-923.1,898.7,11,8,1,7,124.8,0.4,1734.3,346.3
462,-291.8,-1104.1,1038.4,3,10,3,7,132.3,0.3,2066.7,421.9
463,-21.9,-1028.7,1380.2,32,9,3,6,154.7,0.4,2061.9,410.8
464,-42.3,-954.7,997.5,29,11,3,7,131.9,0.3,2681.9,439.9
465,-21.0,-1059.0,971.2,35,11,1,9,163.2,0.4,2605.9,393.4
466,-59.5,-835.2,790.4,18,11,2,9,134.0,0.4,2432.3,370.5
467,-393.0,-978.0,673.5,15,11,2,9,200.4,0.5,2689.8,444.3
468,-219.1,-867.7,377.0,20,11,3,8,145.9,0.4,1870.7,360.4
469,-96.9,-770.3,710.7,49,11,2,9,214.7,0.5,2769.4,426.7
470,-124.0,-1022.5,421.0,38,10,3,7,154.6,0.3,2682.7,459.2
471,-290.8,-878.0,192.3,26,10,1,9,144.4,0.4,1984.5,375.1
472,-72.1,-1129.0,1428.8,2,10,2,8,145.6,0.3,2529.6,447.2
473,-550.2,-1110.0,356.1,53,11,1,10,156.4,0.4,2280.2,365.9
474,-12.9,-776.0,560.2,68,10,2,8,145.4,0.3,2371.3,435.3
475,-478.9,-1082.6,447.6,31,10,4,6,94.7,0.3,1247.0,301.8
476,-69.6,-1139.9,1393.0,2,11,3,8,146.3,0.4,3421.6,405.7
477,-595.7,-1084.1,609.8,16,10,3,7,156.0,0.4,2973.3,436.8
478,-92.8,-1042.7,1395.1,32,12,1,10,164.6,0.5,2134.3,351.2
479,-555.6,-1026.4,257.2,17,8,1,7,131.5,0.5,1241.6,288.1
480,-241.1,-852.0,330.4,20,10,3,7,118.3,0.3,2365.3,461.0
481,-149.2,-806.0,390.2,51,11,3,8,190.2,0.5,3040.3,411.1
482,-354.8,-907.5,511.1,23,11,3,8,140.2,0.3,1971.3,418.8
483,-719.3,-1147.8,538.9,8,11,2,9,149.5,0.5,1734.1,321.6
484,-44.0,-1047.7,1467.2,2,11,4,7,196.3,0.4,2881.7,440.5
485,-439.1,-1023.1,170.6,10,7,1,6,147.8,0.3,1924.8,431.5
486,-69.1,-1126.2,1547.4,21,12,4,7,169.3,0.4,2692.8,451.4
487,-375.1,-897.3,358.3,4,9,3,6,166.3,0.4,2173.0,424.7
488,-829.8,-1095.1,155.7,57,10,1,8,187.6,0.5,1757.2,398.8
489,-563.9,-1090.3,437.2,31,10,1,8,174.5,0.4,1876.9,395.4
490,-134.9,-741.2,419.1,51,10,2,8,137.2,0.3,2519.0,426.5
491,-106.7,-911.6,734.4,71,11,1,10,171.4,0.4,2462.3,452.5
492,-324.6,-980.5,749.8,72,11,3,8,105.2,0.3,1973.4,384.3
493,-557.0,-1111.1,267.2,69,10,2,8,168.8,0.4,2558.0,429.2
494,-417.1,-1001.6,84.4,45,9,3,6,174.1,0.4,2031.6,409.2
495,-226.9,-1075.5,1040.0,56,10,2,8,127.6,0.3,2178.1,406.8
496,-342.2,-928.9,410.6,4,9,3,6,129.5,0.4,2129.8,364.5
497,-198.0,-871.8,396.2,20,10,2,8,157.0,0.3,2217.1,477.5
498,-152.0,-840.5,542.4,60,10,2,8,119.7,0.3,2352.3,403.8
499,-85.0,-1022.7,690.7,5,10,2,8,189.1,0.4,2840.6,451.0
500,-60.9,-822.9,765.3,52,13,2,11,162.1,0.4,2550.8,441.5
501,-675.8,-1093.5,183.9,6,13,3,10,126.5,0.3,2071.3,371.2
502,-715.8,-1180.3,433.6,8,11,2,9,196.0,0.5,2124.4,429.8
503,-20.8,-855.7,329.7,54,9,3,6,203.8,0.5,2247.8,382.0
504,-4.4,-923.1,444.0,25,11,2,9,156.2,0.4,2980.6,431.8
505,-144.1,-1011.9,874.8,66,12,3,9,205.5,0.5,1948.6,425.9
506,-148.5,-991.9,385.8,38,11,1,10,180.0,0.4,2527.7,434.1
507,-136.3,-750.9,479.6,51,9,1,8,178.3,0.4,2266.4,476.7
508,-710.6,-1114.0,469.5,8,11,2,9,112.7,0.4,1736.5,290.8
509,-322.0,-1076.5,962.3,61,9,2,7,176.7,0.4,2177.9,444.1
510,-132.6,-758.1,488.2,51,11,2,9,169.9,0.4,2760.3,412.4
511,-330.7,-1072.4,830.4,61,12,1,9,161.1,0.3,2607.8,461.5
512,-102.4,-1019.5,421.0,38,12,3,9,152.7,0.4,2315.1,429.8
513,-64.1,-831.9,940.9,11,11,3,8,207.6,0.5,2398.1,429.5
514,-607.8,-1066.9,106.5,50,11,2,9,150.2,0.4,2219.8,366.5
515,-56.2,-997.9,902.3,66,9,2,6,150.6,0.5,1636.6,324.3
516,-78.5,-1067.4,905.1,55,9,1,8,123.7,0.3,2135.8,366.7
517,-307.5,-949.4,618.1,15,10,1,9,146.9,0.4,2337.8,408.3
518,-44.3,-783.5,651.2,49,10,4,6,131.5,0.4,1985.9,363.7
519,-729.1,-1074.2,318.8,14,12,5,7,124.4,0.3,2926.4,400.9
520,-310.5,-1112.1,910.1,61,11,3,8,101.0,0.3,1794.6,371.4
521,-516.8,-983.6,290.4,17,11,1,10,141.6,0.3,1736.2,427.0
522,-151.3,-952.0,391.6,54,11,3,8,173.7,0.4,2266.2,418.8
523,-218.1,-1118.9,1150.0,3,9,3,5,132.2,0.3,1287.4,422.9
524,-383.2,-854.7,448.9,23,13,3,10,182.6,0.4,3627.8,417.1
525,-217.2,-1012.3,675.0,46,12,2,10,139.2,0.4,2708.7,395.1
526,-80.5,-719.1,235.5,39,9,1,8,178.7,0.4,2186.8,436.7
527,-35.1,-1124.0,1306.3,32,8,2,6,127.4,0.3,1488.6,399.6
528,-384.3,-1029.9,537.0,41,10,1,9,180.5,0.4,2991.5,455.4
529,-713.7,-1131.0,269.9,14,12,2,10,194.3,0.5,3265.1,386.7
530,-469.5,-970.7,130.0,45,10,1,8,186.9,0.5,2675.5,394.7
531,3.4,-900.2,1098.5,62,11,1,10,187.8,0.5,1408.8,382.7
532,-354.4,-995.0,495.4,41,10,2,8,162.6,0.4,2395.8,457.0
533,-248.2,-1048.6,691.7,46,10,1,9,170.5,0.4,2515.4,425.2
534,-226.7,-1101.5,870.2,13,8,1,7,147.3,0.4,2095.9,410.1
535,-619.1,-1028.8,42.0,36,11,4,7,209.6,0.5,1975.4,423.2
536,-39.8,-1014.1,628.6,5,11,1,10,205.3,0.5,2543.1,408.8
537,-379.9,-897.4,382.6,4,9,1,8,155.5,0.3,2728.7,448.2
538,-38.9,-1128.2,1089.0,35,11,1,10,166.6,0.4,2152.4,388.5
539,-631.1,-1129.2,312.7,69,14,3,11,190.4,0.5,2480.2,380.5
540,-140.7,-847.9,540.7,60,10,2,8,159.1,0.4,2365.6,399.6
541,-155.1,-897.1,395.5,54,8,2,6,164.1,0.4,2014.1,411.2
542,-26.9,-1127.7,1381.4,2,10,1,9,179.0,0.4,1956.6,413.2
543,-313.6,-844.4,539.3,23,12,1,11,151.1,0.4,2380.2,388.7
544,-256.7,-1131.0,1083.5,3,6,1,4,128.7,0.4,996.4,326.7
545,-376.4,-1001.8,474.4,41,11,3,8,163.1,0.4,2319.8,397.9
546,-302.7,-886.4,359.5,4,10,1,9,105.5,0.3,2203.1,322.8
547,-186.4,-1148.1,1578.8,28,9,4,4,116.1,0.3,1352.4,399.4
548,-172.5,-793.0,528.5,60,11,2,9,185.3,0.5,1960.4,361.4
549,-294.5,-956.6,643.9,15,10,3,6,161.9,0.4,2674.8,418.6
550,-534.6,-976.9,159.5,73,10,4,5,131.1,0.4,1420.0,300.4
551,-161.7,-975.3,705.4,72,11,1,10,191.0,0.4,2875.2,446.3
552,-508.2,-1103.6,219.2,40,9,1,8,205.2,0.5,2252.0,429.8
553,-454.2,-1009.2,19.3,45,11,2,8,117.2,0.3,1899.4,339.9
554,-104.6,-989.4,918.7,66,8,1,7,154.2,0.4,2305.4,413.9
555,-554.2,-1035.7,317.9,17,11,2,8,137.9,0.3,1812.8,422.1
556,-278.5,-1044.1,795.8,46,8,1,7,144.0,0.3,1719.8,425.6
557,-23.7,-916.1,841.2,11,11,2,9,228.4,0.5,3328.5,424.6
558,-87.9,-878.5,410.8,54,11,2,9,145.8,0.4,2107.1,392.7
559,-434.5,-1071.1,822.6,65,8,1,7,162.5,0.4,1696.9,424.0
560,-636.3,-1124.8,450.1,59,9,4,5,154.3,0.4,2838.0,422.7
561,-194.5,-973.3,877.5,66,9,3,6,162.1,0.4,1550.6,420.4
562,-143.7,-811.6,442.3,51,10,3,7,181.1,0.5,2039.3,345.8
563,-170.0,-1045.0,1201.9,67,10,1,9,187.1,0.5,2190.9,406.5
564,-569.0,-1017.0,5.9,36,11,5,6,195.0,0.5,2365.6,358.4
565,-172.9,-852.2,319.6,20,11,2,9,207.7,0.4,2832.8,469.7
566,-124.8,-1014.7,1038.2,56,9,2,7,129.5,0.3,2623.8,399.4
567,-406.8,-1043.5,491.3,63,12,2,10,172.1,0.4,2205.9,417.1
568,-99.4,-1024.3,1171.5,67,7,1,6,181.2,0.4,1542.8,429.7
569,-169.4,-915.0,767.7,71,8,1,7,234.1,0.5,1923.7,432.0
570,-102.4,-955.9,963.7,29,8,2,6,91.7,0.3,1505.7,312.3
571,-2.4,-1039.6,1337.4,32,9,3,6,168.0,0.4,2268.8,435.7
572,-226.0,-1114.9,887.2,13,8,2,6,153.8,0.4,1507.1,342.4
573,-118.3,-816.2,316.5,39,11,1,10,138.5,0.4,2585.0,370.6
574,-98.2,-755.4,728.0,49,9,2,7,160.3,0.4,1895.3,435.5
575,-332.2,-977.4,514.0,41,11,1,10,150.7,0.4,2600.2,403.9
576,-358.7,-954.1,446.6,4,9,2,7,165.8,0.4,2279.8,388.6
577,-136.5,-925.5,724.4,71,7,1,6,100.0,0.4,1205.1,254.7
578,-356.3,-990.8,548.9,41,8,4,4,194.6,0.4,1875.1,484.0
579,-129.4,-835.6,634.1,7,8,3,5,114.0,0.3,2154.6,384.8
580,-30.7,-766.8,331.7,1,11,4,7,167.2,0.4,3193.7,382.5
581,-623.6,-1051.6,133.3,50,10,1,9,156.3,0.5,2048.2,337.9
582,-60.6,-917.4,859.1,11,7,3,4,116.6,0.3,1752.3,450.2
583,-431.0,-1020.7,66.4,45,11,2,8,181.8,0.4,1941.6,428.5
584,-472.8,-1037.2,218.7,10,11,1,9,201.4,0.5,2144.9,399.8
585,-509.8,-1019.4,200.9,10,11,1,9,179.2,0.4,2430.1,464.9
586,-340.9,-965.6,180.3,26,13,3,10,122.4,0.4,2888.1,333.8
587,-448.4,-1000.9,520.0,63,11,1,9,143.6,0.3,2276.0,438.8
588,-401.8,-1012.0,511.8,41,11,4,7,149.3,0.5,1620.0,299.3
589,-35.2,-766.6,339.6,1,11,2,9,144.7,0.4,2331.4,357.8
590,-592.1,-1160.8,359.7,53,11,2,9,190.3,0.4,3371.3,427.9
591,-503.4,-1073.0,167.2,10,9,2,7,159.4,0.3,2142.2,492.4
592,-491.5,-1112.3,431.8,31,10,1,9,135.4,0.4,2047.5,385.3
593,-17.3,-764.4,538.6,68,9,2,7,186.9,0.5,1879.0,412.1
594,-154.1,-1035.8,1068.9,56,10,1,8,152.4,0.4,1647.8,411.5
595,-727.8,-1086.3,333.5,14,11,2,9,138.5,0.4,2512.3,384.8
596,-32.3,-1010.0,592.6,5,11,3,8,187.0,0.4,2529.7,428.7
597,-73.2,-982.3,607.1,5,11,1,10,152.4,0.3,2583.4,458.7
598,-137.2,-1135.6,1044.0,56,11,2,9,151.7,0.3,3133.9,434.1
599,-295.0,-1144.0,1186.5,3,10,2,7,178.9,0.4,1828.8,409.7
600,-87.1,-819.7,808.7,18,7,2,5,96.1,0.2,1922.4,427.2
601,-37.2,-1102.2,1072.5,35,9,3,6,224.1,0.5,2409.5,457.6
602,-467.5,-968.6,530.9,22,9,2,7,121.5,0.3,1982.9,378.7
603,-113.1,-898.6,424.6,54,9,5,4,146.4,0.3,2280.4,427.5
604,-475.8,-1082.3,245.4,10,10,2,7,195.2,0.5,1310.4,386.8
605,-175.3,-831.9,760.2,71,8,2,6,177.3,0.5,1850.6,353.8
606,-694.1,-1103.0,59.2,50,10,1,9,140.1,0.3,2099.6,456.7
607,-486.2,-1050.8,321.1,74,14,2,11,181.6,0.4,3176.0,447.0
608,-183.2,-872.6,601.9,60,9,3,6,178.0,0.4,2731.5,455.5
609,-331.1,-926.6,109.2,26,7,1,6,205.8,0.5,1810.7,413.3
610,-106.1,-1044.0,644.5,5,11,1,9,165.7,0.4,2693.3,430.6
611,-380.4,-943.3,85.0,45,11,1,10,156.5,0.4,2666.2,430.0
612,-857.8,-1083.9,217.3,57,9,2,7,129.7,0.4,1339.9,305.8
613,-190.2,-1094.2,1333.4,37,9,4,5,137.4,0.4,1820.1,385.9
614,-183.3,-795.8,338.3,20,8,4,4,170.9,0.4,2448.2,386.3
615,-397.7,-884.7,396.1,4,9,2,7,141.8,0.4,2543.9,382.3
616,-117.6,-769.1,439.4,51,11,2,9,145.8,0.4,2644.3,392.7
617,-210.0,-1064.8,1023.0,56,7,2,4,146.4,0.3,1245.8,445.3
618,-67.2,-881.6,371.7,54,8,2,6,120.3,0.3,1989.9,416.0
619,-245.1,-909.5,435.0,30,7,2,5,172.7,0.4,1852.5,468.9
620,-75.1,-833.4,695.4,7,11,5,6,184.6,0.4,2665.2,415.2
621,-64.9,-1124.5,1446.5,2,13,2,11,139.2,0.3,2829.8,415.8
622,-496.7,-965.7,320.9,74,6,2,4,142.0,0.4,1841.3,392.1
623,-26.0,-938.2,905.2,11,8,3,5,127.1,0.3,1147.9,373.6
624,-159.0,-1122.7,1435.6,9,9,2,7,155.3,0.4,2099.9,390.5
625,-57.0,-822.4,253.8,39,10,2,8,133.7,0.3,2193.2,398.7
626,-131.5,-911.3,808.4,18,10,3,7,170.1,0.4,2371.9,430.6
627,-223.0,-809.7,388.0,20,11,2,9,196.8,0.4,2797.8,453.9
628,-226.7,-1068.1,1070.1,56,11,4,7,163.5,0.4,2340.8,401.9
629,-177.4,-1132.7,1165.4,67,10,1,9,187.2,0.4,2681.0,452.6
630,-601.6,-1126.8,483.0,59,9,1,7,145.5,0.4,1608.6,376.0
631,-22.9,-904.4,874.7,11,12,1,11,173.0,0.5,1912.3,357.6
632,-146.5,-1121.4,1088.4,56,11,1,10,193.2,0.4,2775.7,434.0
633,-182.0,-861.3,546.4,60,8,3,5,158.1,0.4,2403.3,421.7
634,-103.1,-765.5,372.4,51,9,1,8,166.3,0.4,2106.7,425.7
635,-108.5,-1116.1,965.5,55,8,1,6,174.6,0.4,1475.1,469.0
636,-23.8,-791.4,332.5,1,12,4,8,137.5,0.3,2892.0,450.7
637,-49.4,-961.2,686.2,5,11,2,9,156.6,0.4,2288.0,375.1
638,-71.5,-1113.4,1095.9,35,10,2,8,165.7,0.4,2183.3,395.5
639,-40.3,-1034.0,1577.6,21,8,1,7,141.0,0.4,1468.0,336.9
640,-36.2,-942.4,977.6,29,12,3,9,123.5,0.3,2021.7,389.0
641,-226.5,-1017.1,605.4,34,8,1,7,167.1,0.5,2030.2,361.8
642,-611.2,-1142.8,167.9,40,10,1,9,152.5,0.4,1770.8,341.0
643,-825.3,-1096.1,249.6,57,8,1,7,167.8,0.4,2011.0,469.0
644,-46.9,-861.5,524.2,25,10,1,9,121.1,0.3,2191.0,399.7
645,-384.7,-984.0,529.9,41,11,1,9,139.4,0.4,2228.2,364.1
646,-386.2,-969.9,16.4,45,8,2,6,135.7,0.4,1369.1,384.1
647,-586.8,-1021.8,353.5,17,9,1,8,140.2,0.3,1755.8,429.0
648,-85.6,-1082.2,1508.9,21,11,2,9,169.1,0.4,2559.2,440.2
649,-203.5,-972.2,797.0,72,9,2,7,175.4,0.4,2399.1,454.3
650,-185.8,-1075.7,988.6,56,11,2,9,147.7,0.4,2587.7,407.8
651,-36.0,-983.6,1152.3,12,11,2,9,156.0,0.4,2372.1,436.7
652,-315.5,-911.0,187.4,26,12,1,10,131.5,0.3,2497.5,403.2
653,-3.8,-1055.5,1435.3,2,9,1,8,184.5,0.4,2581.9,411.2
654,-588.4,-1101.9,638.3,16,10,3,7,154.6,0.4,2122.3,381.5
655,-39.0,-798.6,770.7,52,8,1,7,130.4,0.3,1712.2,392.3
656,-424.2,-983.5,440.6,42,10,4,6,166.9,0.4,2712.3,431.8
657,-162.9,-935.7,521.6,34,10,3,7,114.8,0.3,1459.3,458.8
658,-188.0,-1085.9,870.9,13,9,3,6,149.2,0.4,1678.7,411.1
659,-164.1,-830.8,508.1,60,10,4,6,124.1,0.3,2602.9,396.9
660,-189.9,-873.7,354.9,20,9,4,5,178.5,0.4,2378.7,448.3
661,-463.7,-1028.2,23.0,45,9,1,8,181.8,0.5,1890.4,389.0
662,-244.2,-1102.2,983.7,61,9,3,6,174.5,0.4,1702.7,423.4
663,-461.0,-950.9,458.4,22,8,3,5,164.0,0.4,2634.6,459.7
664,-132.0,-1038.0,747.8,70,12,2,10,169.5,0.4,2720.4,419.3
665,-310.4,-910.6,488.3,23,10,2,7,100.4,0.2,2204.8,427.7
666,-149.4,-1031.6,1041.8,56,11,1,8,151.1,0.4,1999.9,412.7
667,-207.9,-1004.3,515.6,34,11,4,7,152.4,0.3,2518.9,460.7
668,-200.2,-1091.2,1388.5,9,11,2,9,165.8,0.5,2713.7,367.5
669,-361.0,-936.6,595.4,15,11,2,7,169.7,0.4,1563.3,395.4
670,-741.7,-1087.8,61.3,50,9,2,7,179.1,0.5,1767.3,351.5
671,-118.7,-765.1,743.6,49,8,3,5,158.0,0.4,1733.1,438.3
672,-716.8,-1127.6,538.8,8,7,1,6,188.2,0.5,1882.0,400.9
673,-97.6,-1000.3,638.5,5,10,3,7,175.7,0.5,2233.2,388.5
674,-461.1,-1052.1,283.5,74,1,1,0,9.1,1.0,9.1,9.1
675,-33.1,-791.9,808.0,52,13,3,10,100.9,0.3,3084.1,402.5
676,-582.6,-1164.0,425.8,53,11,2,9,184.1,0.4,3135.6,431.7
677,-2.1,-888.6,518.1,25,10,2,8,177.2,0.4,2625.1,444.8
678,-459.5,-996.2,288.8,74,8,3,5,114.8,0.3,1261.2,356.4
679,-57.9,-1007.4,1000.8,29,11,3,7,138.5,0.4,1887.9,351.6
680,-269.7,-1044.8,994.6,61,10,1,8,163.6,0.4,1981.6,414.5
681,-855.9,-1104.0,277.2,44,9,2,7,142.4,0.3,1753.5,428.3
682,-620.8,-1068.8,320.3,0,12,3,9,169.5,0.5,2916.6,361.9
683,-583.1,-1056.5,290.5,17,10,2,8,150.9,0.3,2138.8,438.4
684,-530.6,-1047.6,524.0,31,11,2,9,157.7,0.4,2865.5,384.9
685,-821.8,-1122.0,217.7,57,8,1,7,128.1,0.3,1591.7,381.8
686,-796.1,-1045.5,199.7,57,11,1,10,188.6,0.4,2084.7,423.6
687,-67.7,-1075.1,961.4,55,11,4,7,172.3,0.4,3227.2,429.1
688,-303.2,-906.8,356.3,4,8,3,5,149.0,0.4,1884.9,415.8
689,-392.2,-1014.4,177.7,26,10,4,6,187.0,0.4,3034.0,429.2
690,-22.8,-1126.4,1407.7,2,11,3,8,186.4,0.4,2903.6,416.5
691,-233.6,-1131.7,1087.3,3,8,2,6,129.9,0.3,1885.5,397.0
692,-240.8,-950.8,500.2,30,7,2,5,143.3,0.4,1817.6,401.6
693,-85.6,-1078.9,860.1,43,9,1,8,172.6,0.5,1660.4,369.7
694,-372.8,-929.4,334.8,4,10,1,9,127.8,0.3,2242.3,428.6
695,-111.2,-953.9,962.6,29,11,5,6,157.2,0.4,2612.5,440.8
696,-186.4,-1062.9,727.3,46,9,1,8,136.6,0.3,1857.9,462.4
697,-664.8,-1098.8,527.2,8,10,3,7,174.3,0.4,2112.7,408.2
698,-446.7,-941.0,289.3,74,12,4,7,144.0,0.3,2400.7,420.1
699,-88.4,-1037.7,621.9,5,13,4,9,175.6,0.4,3431.0,440.4
700,-668.5,-1118.0,540.2,8,9,1,8,125.9,0.3,2153.3,419.8
701,-187.3,-985.2,591.3,34,10,2,8,162.4,0.4,2626.6,391.7
702,-91.6,-843.4,590.6,7,11,1,9,157.3,0.4,2061.6,438.9
703,-720.6,-1088.7,170.8,6,8,3,5,122.8,0.4,1827.8,312.0
704,-156.6,-949.2,597.0,34,10,2,8,134.1,0.3,2468.5,412.8
705,-16.3,-1104.0,1351.1,32,10,1,9,141.3,0.4,2485.2,392.3
706,-85.7,-1130.2,1407.9,2,11,2,9,140.8,0.5,1827.9,308.5
707,-101.0,-1073.1,1376.9,32,8,1,7,108.2,0.3,1546.7,364.7
708,-173.4,-1107.3,775.4,13,1,1,0,25.5,0.9,27.2,27.2
709,-86.3,-1103.6,835.2,43,11,1,10,204.3,0.5,2354.6,425.5
710,-288.4,-1012.3,607.5,47,10,2,8,165.2,0.4,2482.3,440.2
711,-783.3,-1140.8,349.6,44,11,1,10,162.8,0.4,2272.0,445.0
712,-77.6,-745.8,795.8,52,10,1,9,126.8,0.4,2080.2,354.4
713,-25.7,-845.4,919.2,11,6,2,3,177.7,0.6,805.5,300.1
714,-96.8,-1063.0,833.6,43,10,1,9,153.2,0.3,2432.8,443.8
715,-196.7,-784.9,414.1,51,10,1,9,198.9,0.5,2283.2,362.2
716,-47.2,-1069.1,1463.9,2,9,2,7,166.8,0.4,2495.0,413.8
717,-374.0,-1051.4,659.7,47,11,2,9,189.9,0.5,2266.9,400.4
718,-256.6,-1022.9,615.8,47,9,2,7,194.2,0.5,2334.7,400.3
719,-226.3,-1098.0,1237.8,33,10,2,7,176.1,0.4,2212.1,451.7
720,-137.8,-1121.3,1074.4,56,8,2,6,171.4,0.4,2304.8,419.2
721,-148.1,-876.7,834.9,18,7,1,6,160.4,0.5,1129.1,352.7
722,-42.7,-959.2,796.7,70,11,5,6,135.8,0.3,2622.5,412.8
723,-100.6,-1124.4,1202.0,67,7,1,6,149.8,0.3,1788.6,443.5
724,-540.9,-1120.5,588.1,16,8,2,6,170.7,0.4,1527.2,431.6
725,-516.3,-1007.6,63.0,73,7,3,4,118.8,0.3,1670.0,398.5
726,-99.1,-1091.9,789.8,43,10,1,9,188.5,0.4,2287.6,493.8
727,-297.5,-1094.8,890.1,61,9,2,7,132.9,0.4,1873.4,363.7
728,-317.1,-915.9,502.0,23,10,3,7,134.8,0.4,1827.4,344.9
729,-553.9,-1131.0,584.9,16,10,4,6,161.4,0.4,2448.9,401.2
730,-304.4,-888.1,147.9,26,12,3,9,199.0,0.5,3397.2,425.6
731,-422.6,-1068.7,827.9,65,10,2,8,142.3,0.3,2180.2,413.8
732,2.6,-823.6,421.2,27,10,1,8,168.7,0.4,2031.5,444.1
733,-619.3,-1094.8,61.3,50,9,3,6,200.0,0.4,2335.5,466.1
734,-73.2,-973.5,1109.7,12,7,1,6,139.9,0.4,1530.9,385.7
735,-25.9,-712.9,812.1,52,8,1,6,159.0,0.4,1634.0,454.0
736,-554.7,-1121.8,161.4,40,12,2,9,173.1,0.5,1860.1,367.4
737,-625.9,-1041.2,85.2,50,8,3,5,155.5,0.3,2006.0,467.3
738,-517.0,-1063.6,459.9,31,12,2,10,162.1,0.4,2683.3,451.3
739,-122.4,-840.1,807.3,18,11,5,6,128.4,0.3,3041.2,426.2
740,-74.8,-1036.7,870.8,43,9,3,6,161.6,0.4,2451.4,431.1
741,-57.7,-983.5,736.6,70,10,1,9,160.9,0.4,2308.5,387.5
742,-95.8,-1001.8,719.9,70,10,3,7,139.7,0.3,3195.2,416.7
743,-173.3,-1169.3,1406.9,9,10,3,7,190.4,0.5,2410.4,412.0
744,-2.1,-896.1,1134.5,62,10,2,7,153.7,0.4,1733.4,438.6
745,-384.7,-959.6,505.6,41,10,2,8,116.9,0.3,2418.4,383.2
746,-16.3,-775.3,792.8,52,11,1,9,161.6,0.4,2854.8,435.8
747,-757.2,-1066.7,244.2,14,8,3,5,172.9,0.4,1748.3,433.8
748,-523.3,-1024.8,130.2,73,10,3,7,150.1,0.4,2328.9,403.0
749,-84.6,-804.3,406.8,51,10,1,9,210.0,0.5,2440.6,415.8
750,-167.3,-1066.7,886.0,13,11,2,9,201.5,0.5,2883.3,445.8
751,-907.2,-1151.1,269.3,44,13,3,10,152.8,0.3,3157.9,448.1
752,-178.6,-1038.5,1000.5,56,11,2,9,152.9,0.4,1575.1,403.1
753,-545.1,-993.4,18.9,36,11,3,8,165.6,0.4,2543.5,419.2
754,-140.1,-761.4,256.9,39,9,1,8,134.6,0.3,1948.0,411.6
755,-43.7,-999.2,578.0,5,13,2,11,176.6,0.4,3278.7,429.2
756,-93.9,-796.1,369.6,51,10,6,4,171.2,0.4,2285.4,418.4
757,-29.2,-858.0,308.1,54,11,3,8,208.6,0.4,3112.6,472.9
758,-92.7,-720.0,407.8,51,9,2,7,184.4,0.5,2662.7,367.9
759,-88.4,-834.9,624.9,7,10,1,8,117.5,0.3,1891.6,452.1
760,-626.5,-1066.6,328.9,0,9,3,6,162.6,0.4,2450.8,402.6
761,-253.1,-954.2,739.0,72,9,4,5,157.7,0.4,2163.4,435.1
762,-274.2,-1026.2,641.3,47,11,2,9,141.2,0.4,2641.9,399.9
763,-301.5,-942.3,319.5,4,10,1,9,144.6,0.3,2415.9,421.0
764,-495.2,-1033.8,54.3,45,11,2,9,144.8,0.4,1830.6,368.7
765,-152.0,-775.0,268.4,39,9,3,6,171.9,0.4,2071.0,403.5
766,-287.0,-1028.4,825.7,72,13,2,11,180.6,0.5,2963.3,387.4
767,-259.0,-842.9,466.3,30,9,1,8,163.0,0.4,2244.4,428.4
768,-142.5,-1050.9,824.0,43,10,1,9,160.8,0.4,2312.0,437.7
769,-129.7,-837.1,842.4,18,11,4,7,178.5,0.5,2569.3,375.5
770,-497.4,-948.2,183.2,10,10,5,5,187.4,0.4,2614.3,438.8
771,-576.5,-993.7,235.2,17,9,4,5,131.6,0.3,1990.2,396.9
772,-68.2,-935.7,377.7,54,7,4,3,127.0,0.3,1961.5,480.0
773,-512.8,-953.1,282.6,74,8,3,5,125.6,0.3,1928.9,426.5
774,-491.9,-1013.8,34.1,45,10,3,7,163.8,0.4,2338.8,385.7
775,-648.8,-1180.5,290.8,69,11,2,9,201.7,0.5,2801.2,420.4
776,-406.7,-982.5,290.3,74,12,3,8,166.6,0.4,2135.0,398.7
777,-488.3,-1001.4,471.7,42,14,2,12,195.4,0.4,3665.1,464.9
778,-60.1,-715.8,800.2,52,10,3,7,143.5,0.3,2126.5,489.5
779,-489.7,-1090.5,489.8,31,10,1,9,130.5,0.3,2075.5,458.8
780,-119.5,-1102.5,1130.6,67,9,2,7,156.8,0.4,2362.5,403.4
781,-294.3,-989.5,527.2,41,6,2,4,142.5,0.4,1516.1,343.8
782,-111.7,-923.9,958.7,29,11,2,9,173.4,0.4,2165.0,415.3
783,-686.0,-1079.6,110.1,50,13,2,11,112.9,0.3,2592.3,349.1
784,-383.6,-1014.5,19.3,45,10,1,9,186.7,0.5,1192.2,354.1
785,-651.9,-1100.1,375.0,0,8,1,7,131.3,0.4,1454.7,372.6
786,-22.4,-1010.5,1178.7,12,11,5,6,129.8,0.4,2189.8,331.4
787,-489.7,-1091.7,578.8,63,11,2,9,147.8,0.4,2809.9,416.3
788,-57.0,-979.7,1117.4,12,10,3,7,181.3,0.4,1893.4,408.2
789,-60.8,-1125.2,1243.4,24,11,1,10,155.3,0.4,2701.6,421.5
790,-518.9,-930.2,315.2,74,10,3,7,186.9,0.6,1892.4,335.3
791,-39.7,-1076.7,961.1,55,10,2,8,160.5,0.4,2455.7,431.8
792,-589.0,-1124.9,284.3,69,7,3,4,152.1,0.3,1494.9,436.3
793,-66.8,-766.3,434.1,27,9,3,6,152.7,0.4,2130.7,393.9
794,-6.4,-1056.4,1417.3,2,9,1,8,196.7,0.5,2231.3,383.1
795,-389.6,-944.8,658.0,15,9,2,7,164.7,0.5,2017.3,357.8
796,-233.4,-966.6,604.9,34,11,1,9,122.9,0.4,1824.6,313.7
797,-589.9,-1109.3,654.8,16,10,2,8,181.1,0.4,2969.3,454.1
798,-78.6,-912.2,327.6,54,9,2,7,142.0,0.4,1656.4,385.4
799,-24.4,-866.2,1161.7,62,11,3,8,123.4,0.4,1546.9,324.3
800,-181.5,-1091.0,1082.9,56,12,3,9,133.4,0.4,2189.9,347.8
801,-4.4,-931.2,458.2,25,12,3,8,168.4,0.4,3380.8,456.8
802,-107.1,-825.0,202.9,48,9,4,5,126.4,0.4,2032.0,344.8
803,-751.3,-1131.5,177.2,6,11,1,10,123.2,0.3,2466.0,397.5
804,-118.5,-867.9,247.1,48,11,3,8,138.9,0.4,2801.0,375.2
805,-182.6,-1108.1,1360.9,9,12,2,10,198.9,0.5,3225.8,411.7
806,-167.4,-820.8,219.8,48,10,3,7,177.6,0.5,1796.1,381.4
807,-393.3,-947.4,424.3,4,9,1,8,112.8,0.3,1724.2,401.4
808,-548.2,-1027.6,69.2,73,7,2,5,133.3,0.4,1636.5,367.9
809,-473.2,-968.1,66.8,45,9,1,8,196.0,0.5,1997.2,423.8
810,-134.6,-1029.9,902.3,66,10,4,6,114.3,0.3,2431.8,368.4
811,-168.5,-1049.6,662.3,34,11,1,10,156.0,0.4,2046.1,414.1
812,1.6,-1008.0,1138.5,12,7,2,5,187.8,0.4,1993.5,466.3
813,-574.0,-1146.4,192.2,40,11,1,10,166.1,0.4,1929.7,419.7
814,-15.1,-922.0,524.2,25,11,1,10,157.9,0.4,2274.2,367.6
815,-76.7,-1013.4,1257.9,24,8,3,5,127.6,0.3,1587.5,428.7
816,-86.0,-992.7,327.8,54,8,1,7,161.6,0.4,1966.5,435.6
817,-360.4,-887.2,512.2,23,9,3,6,143.2,0.3,1661.0,422.6
818,-772.5,-1087.6,252.6,14,10,2,8,155.5,0.3,2546.0,486.7
819,-27.6,-1122.6,1524.8,21,10,2,8,194.6,0.5,2423.8,391.1
820,-27.3,-895.3,948.1,11,7,2,5,166.0,0.4,2110.1,421.2
821,-376.0,-1017.9,507.0,41,12,1,10,156.4,0.4,3106.8,418.3
822,-38.4,-890.6,954.0,11,9,3,6,136.2,0.4,1820.2,381.4
823,-171.7,-825.3,293.0,20,9,3,6,155.5,0.4,2120.1,350.0
824,-445.9,-967.3,114.6,45,11,3,8,213.3,0.5,2694.3,417.3
825,-383.2,-908.8,304.8,4,11,3,8,152.8,0.4,2631.8,383.2
826,-505.4,-991.4,376.2,42,11,3,8,169.3,0.4,2169.6,425.3
827,-78.4,-858.5,634.4,7,11,2,9,145.5,0.3,2468.3,430.9
828,-71.5,-988.2,516.9,38,13,2,11,164.6,0.5,2533.7,356.7
829,-27.1,-1005.9,446.4,38,10,1,9,209.8,0.5,2312.1,381.8
830,-3.3,-949.6,1166.0,62,11,1,9,140.6,0.4,1919.1,345.1
831,-374.8,-945.9,233.1,26,7,4,3,152.1,0.4,1761.6,423.0
832,-631.1,-1155.9,509.6,8,12,2,10,159.5,0.4,1982.5,384.6
833,-81.9,-940.6,524.0,25,9,1,8,137.7,0.3,2453.9,445.7
834,-382.6,-978.0,349.2,4,11,2,9,142.7,0.4,2906.2,403.5
835,-238.2,-1050.9,702.4,46,12,1,11,179.8,0.4,2257.5,405.7
836,-90.8,-836.6,920.4,11,9,3,6,134.2,0.4,1839.5,348.5
837,4.9,-838.5,489.1,25,8,2,6,142.9,0.3,2228.2,455.6
838,-91.1,-1068.1,852.1,43,9,3,6,155.4,0.4,2342.7,406.3
839,-56.4,-1120.9,1499.4,21,11,3,8,165.0,0.4,3097.3,438.2
840,-113.1,-827.5,347.3,51,9,2,7,171.6,0.4,2485.9,424.4
841,-611.2,-1048.1,269.9,58,9,1,8,226.7,0.5,1999.8,453.2
842,-650.7,-1068.6,236.1,58,11,1,8,157.2,0.3,1687.3,469.8
843,-593.0,-984.2,151.1,73,13,3,10,172.1,0.4,3787.5,418.5
844,-755.8,-1085.3,250.9,14,9,3,6,135.4,0.3,1795.7,414.0
845,-525.2,-1033.9,482.7,31,7,3,4,136.4,0.4,1746.9,361.7
846,-177.0,-1101.7,1401.5,9,9,3,6,125.3,0.4,1537.3,338.4
847,-226.9,-1103.6,1397.8,9,11,3,8,107.0,0.3,2237.0,327.7
848,-205.3,-1075.5,1397.2,9,8,2,6,184.7,0.4,2416.7,419.8
849,-43.1,-1063.9,998.2,35,10,4,6,188.8,0.5,2697.6,419.4
850,-379.4,-1022.3,703.2,65,12,1,11,152.1,0.4,2015.3,341.8
851,-309.6,-876.2,533.9,23,8,1,7,135.9,0.3,1757.3,431.0
852,-27.7,-714.2,331.4,1,10,1,8,110.3,0.3,2487.7,422.4
853,-574.9,-1134.9,398.3,53,13,2,9,148.7,0.4,2264.8,354.0
854,-47.2,-1052.6,1255.7,24,9,2,7,137.2,0.3,2229.1,401.3
855,-170.7,-970.6,830.3,66,12,2,10,146.7,0.3,2676.1,431.1
856,-305.2,-923.5,620.4,15,10,3,7,164.2,0.4,2569.0,457.3
857,-280.6,-1112.6,832.4,13,10,5,5,162.9,0.4,2211.0,433.4
858,-13.9,-776.6,732.9,49,12,2,10,220.9,0.5,2437.5,453.4
859,-71.2,-901.4,329.1,54,11,2,9,161.3,0.5,2568.8,345.9
860,-593.0,-997.0,283.8,17,11,3,8,153.9,0.3,2378.9,460.8
861,-39.7,-828.6,683.2,7,10,1,8,166.3,0.4,2118.2,381.9
862,-435.1,-944.2,364.0,74,8,3,5,115.1,0.3,1341.3,346.6
863,-39.5,-743.5,849.6,52,8,2,6,166.8,0.5,1537.9,331.7
864,-297.9,-903.3,623.4,15,10,3,6,144.0,0.4,1706.1,367.0
865,-15.8,-979.9,645.9,5,10,3,7,172.8,0.5,1883.3,375.2
866,-65.9,-790.0,409.6,27,9,2,7,105.2,0.3,2315.2,387.4
867,-62.1,-1052.4,1184.9,24,8,1,7,140.2,0.3,1623.5,421.5
868,-149.3,-1022.9,1136.3,67,9,5,4,174.3,0.4,1679.6,409.1
869,-406.6,-905.6,463.7,22,7,1,6,175.2,0.5,1657.4,381.3
870,-33.6,-952.6,1041.1,29,10,2,7,128.8,0.3,1658.7,398.1
871,-17.8,-1111.7,1237.7,24,10,3,7,191.0,0.4,2834.3,461.1
872,-145.8,-1144.9,1284.9,37,11,3,8,140.6,0.3,2631.7,433.3
873,-319.2,-976.4,676.5,15,13,1,12,193.4,0.4,3212.1,435.2
874,-200.8,-989.3,635.2,34,8,2,5,176.5,0.4,1947.9,444.4
875,-114.9,-944.6,799.3,70,12,1,11,132.9,0.4,2404.8,332.3
876,-316.6,-973.0,554.6,41,8,3,5,151.9,0.4,1653.7,361.9
877,-24.3,-955.7,1082.5,12,8,3,5,160.8,0.4,1251.1,388.0
878,-322.3,-1075.7,884.6,61,11,3,8,114.5,0.3,2427.7,345.6
879,-106.9,-1088.4,1500.7,21,11,2,9,150.8,0.4,2733.3,377.3
880,-107.3,-1148.5,1413.1,2,10,2,8,118.8,0.3,2058.9,382.7
881,-19.2,-974.3,1086.2,12,12,2,9,145.8,0.3,2084.2,433.8
882,-85.8,-1039.1,1097.1,12,11,3,8,128.7,0.3,2005.0,392.9
883,-20.5,-845.5,261.1,39,10,2,8,190.6,0.4,2563.2,436.1
884,-681.3,-1067.0,98.4,50,10,2,8,117.3,0.3,1997.1,400.4
885,-464.9,-925.8,351.1,74,10,4,6,145.4,0.3,2613.6,435.9
886,-91.8,-914.7,879.7,11,9,2,7,141.4,0.4,1649.3,325.7
887,-736.5,-1032.6,275.1,14,11,1,9,204.4,0.5,2225.2,404.8
888,-9.4,-988.5,1230.7,24,11,2,9,144.5,0.4,2111.0,372.7
889,-43.7,-1076.7,1063.0,35,11,2,9,198.7,0.5,3142.2,428.8
890,-381.8,-959.2,230.0,26,11,2,9,137.6,0.4,2175.1,378.8
891,-16.6,-1051.7,1510.2,21,8,1,7,220.4,0.5,2491.6,440.3
892,-367.6,-935.0,212.6,26,11,3,7,162.5,0.4,2196.0,379.1
893,-108.1,-937.6,414.2,38,9,3,6,147.2,0.3,2081.2,456.2
894,-275.8,-972.2,850.6,72,11,3,8,167.8,0.4,3140.1,447.5
895,-251.5,-1148.6,1280.1,33,9,1,8,122.4,0.4,1523.0,297.0
896,-124.3,-722.1,272.7,39,10,4,6,156.3,0.4,2527.0,404.3
897,-47.1,-1126.8,1038.0,35,11,3,8,185.5,0.4,2047.1,471.7
898,-162.6,-864.1,398.2,20,10,2,8,157.5,0.4,2501.7,399.9
899,-23.9,-985.3,893.3,29,9,2,6,139.0,0.5,1375.9,306.6
900,-49.7,-884.0,922.5,11,13,2,11,135.7,0.3,2353.4,394.6
901,-174.1,-1079.5,1277.6,37,12,1,11,117.9,0.3,1870.8,341.4
902,-105.5,-1060.1,1444.0,2,8,3,5,153.9,0.5,1634.4,337.6
903,-231.9,-1107.7,1410.8,9,9,4,5,150.7,0.5,1803.3,294.8
904,-575.7,-1006.7,337.0,17,9,1,8,181.2,0.5,2173.9,370.7
905,-154.0,-1087.3,1433.2,9,10,1,9,159.6,0.4,1902.1,394.4
906,-615.1,-1111.9,52.6,50,10,2,8,134.7,0.3,2471.6,435.8
907,-676.5,-1069.6,223.8,58,7,1,6,145.5,0.3,1920.6,435.5
908,-575.6,-996.8,315.1,17,9,2,7,181.3,0.5,2106.5,391.5
909,-337.7,-951.6,132.6,26,11,3,8,153.5,0.4,2096.3,343.1
910,-133.9,-1041.4,933.7,55,10,1,9,157.5,0.4,1600.7,371.2
911,-224.1,-813.9,299.2,20,12,1,11,191.2,0.4,2787.1,475.0
912,-541.7,-1134.6,751.1,19,8,2,6,159.4,0.5,1520.0,340.7
913,-124.5,-1080.1,1307.8,37,8,1,6,189.3,0.5,1169.2,409.6
914,-37.5,-1124.3,1038.2,35,11,2,9,203.1,0.5,2688.9,401.3
915,2.8,-1043.6,1156.5,12,9,4,5,159.9,0.4,2429.5,429.2
916,-74.1,-711.3,753.2,52,11,2,9,169.7,0.4,2001.3,405.7
917,-201.6,-991.2,697.3,72,9,1,8,158.8,0.4,1939.1,404.7
918,-164.9,-993.5,583.3,34,10,1,9,155.7,0.4,2267.3,420.3
919,-145.5,-929.7,900.4,66,10,1,9,242.8,0.6,2162.9,409.1
920,-574.2,-1141.3,589.2,16,9,2,7,125.7,0.4,1556.2,356.0
921,-37.9,-987.3,665.4,5,9,1,7,142.3,0.3,1963.8,427.3
922,-61.0,-1070.2,1048.2,35,8,4,4,171.9,0.4,1749.4,393.2
923,-19.9,-894.5,531.1,25,9,1,8,153.5,0.4,1762.2,388.6
924,-40.6,-972.9,1106.5,12,8,1,7,133.9,0.4,1644.7,336.3
925,-107.3,-804.7,530.4,68,8,3,5,181.6,0.5,1745.0,353.4
926,-48.6,-758.1,704.0,49,11,4,7,162.3,0.3,2860.1,496.5
927,-391.0,-903.1,545.0,23,11,2,9,177.9,0.5,3106.1,389.3
928,-623.2,-1049.7,373.1,0,11,1,10,180.4,0.5,2153.2,370.4
929,-23.2,-845.9,946.8,11,10,1,9,218.8,0.5,1650.7,422.1
930,-105.1,-1098.1,1650.5,64,10,2,8,149.0,0.3,1882.4,432.3
931,-454.4,-1020.1,654.7,65,8,2,5,135.0,0.3,1554.0,411.5
932,-473.6,-1039.7,700.1,65,10,3,7,180.4,0.4,2492.9,434.8
933,-142.0,-901.0,407.1,54,10,2,8,126.5,0.3,1964.1,371.9
934,-428.1,-1067.4,721.9,65,10,3,7,141.3,0.4,2253.8,364.3
935,-404.5,-1028.4,698.9,65,9,2,6,144.8,0.3,2316.7,427.8
936,-583.6,-1072.8,554.1,16,9,3,6,113.8,0.3,1762.3,444.6
937,-730.8,-1164.5,198.6,6,8,2,6,139.5,0.3,1828.0,501.8
938,-0.6,-769.5,439.1,27,11,3,8,174.5,0.5,2056.1,373.9
939,-380.8,-1048.2,650.1,47,9,2,7,119.3,0.3,2195.1,442.8
940,-876.8,-1145.1,312.6,44,7,3,4,163.0,0.4,1173.9,391.2
941,-383.2,-1064.2,826.2,65,10,2,8,150.6,0.4,1901.3,404.3
942,-523.7,-1095.0,633.9,16,11,3,8,144.7,0.5,1690.3,293.9
943,-186.0,-1116.3,1537.4,28,9,4,5,107.4,0.4,1451.5,287.5
944,-599.5,-1108.9,157.7,40,9,1,7,195.4,0.5,1812.6,432.6
945,-537.2,-1141.3,604.3,16,9,1,8,117.6,0.3,2169.1,409.1
946,-511.6,-1024.6,376.0,42,10,1,9,129.6,0.3,2671.7,408.6
947,-499.2,-958.8,208.0,10,8,1,7,140.0,0.3,1848.1,414.3
948,-125.2,-1081.6,1172.4,67,12,1,11,166.8,0.5,2021.5,360.7
949,-94.1,-1047.2,1155.7,67,11,4,7,134.8,0.4,1774.7,360.8
950,-522.5,-998.9,137.1,73,10,2,8,127.5,0.3,2124.7,432.3
951,-493.9,-1089.4,628.6,16,8,3,5,112.6,0.4,1381.4,302.8
952,-80.3,-751.4,221.1,39,11,2,9,149.5,0.4,2721.0,424.2
953,-420.2,-885.3,474.5,22,9,3,6,145.9,0.4,1921.7,405.3
954,-643.8,-1050.2,-0.0,36,13,1,11,219.2,0.5,2752.2,420.1
955,-387.9,-1002.5,293.3,74,14,3,11,170.1,0.4,3704.7,407.1
956,-252.5,-985.3,494.3,30,8,2,6,168.4,0.4,1560.5,424.1
957,-653.1,-1120.2,338.9,69,12,3,9,187.0,0.5,2275.9,351.0
958,-428.4,-1058.3,741.9,65,8,4,4,128.1,0.4,1830.3,352.7
959,-23.5,-985.3,1330.8,32,9,2,7,185.6,0.5,1867.4,409.1
960,-498.8,-1057.6,775.6,65,10,1,9,131.0,0.3,2126.8,396.6
961,-444.4,-1085.5,704.7,65,10,3,7,170.4,0.5,1648.1,370.8
962,-212.5,-1112.2,905.0,13,7,3,3,118.0,0.3,1388.5,426.8
963,-163.3,-1124.9,913.8,55,10,2,8,149.0,0.4,1838.6,348.9
964,-47.4,-991.5,760.7,70,9,2,7,178.5,0.4,2726.4,428.3
965,-62.3,-1085.4,985.1,55,11,3,8,164.3,0.4,2128.9,387.0
966,-19.5,-829.8,641.5,7,10,1,8,189.7,0.4,2104.2,454.2
967,-185.2,-1023.8,514.4,34,1,1,0,9.1,1.0,9.1,9.1
968,-482.9,-972.8,404.1,42,8,2,6,171.9,0.4,1698.2,407.5
969,-531.0,-1053.2,512.5,31,9,1,8,122.9,0.3,2234.2,433.6
970,-370.1,-850.2,460.0,23,11,1,10,163.6,0.4,2035.1,387.0
971,-105.2,-1053.1,1076.6,35,10,3,7,157.5,0.3,3370.3,459.5
972,-204.9,-973.3,479.0,30,12,3,9,179.6,0.4,2847.7,462.2
973,-841.6,-1132.7,187.4,57,8,2,6,128.5,0.3,1669.4,369.5
974,-583.5,-1159.1,361.8,53,10,3,7,206.4,0.5,2431.8,404.9
975,-449.4,-1021.0,68.1,45,9,1,8,179.0,0.4,2827.2,436.4
976,-543.3,-1114.0,602.1,16,10,4,6,124.6,0.3,2488.4,379.0
977,-567.2,-1109.0,516.4,31,8,3,5,140.2,0.4,1512.4,361.8
978,-196.0,-847.1,353.3,20,9,2,7,135.6,0.3,2306.2,389.5
979,-195.3,-1123.9,1109.9,3,10,1,9,122.9,0.3,1942.4,396.8
980,-82.9,-991.3,663.8,5,11,2,9,171.0,0.4,3069.6,429.9
981,-389.0,-1070.5,777.3,65,8,4,4,112.8,0.3,1579.0,337.2
982,-42.6,-1137.5,1434.6,2,9,1,8,169.2,0.4,2106.6,437.7
