gid,x,y,z,cluster,subnucleus,cluster_coef,nconn,nstems,nbranch,reach,straightness,total_length,longest_path
0,-564.8,-1286.5,1072.7,26,PO_left,0.9,2,2,0,8.9,0.4,30.9,23.4
1,-291.0,-1081.1,1575.8,43,PO_left,0.9,3,1,2,44.5,0.4,301.6,122.5
2,-527.8,-1118.5,1179.6,47,PO_left,0.9,9,1,8,130.0,0.3,1407.0,401.1
3,-225.4,-1005.0,1258.7,52,PO_left,0.9,9,1,8,91.7,0.3,1058.2,318.1
4,-658.9,-1228.0,1158.4,73,PO_left,0.9,6,1,5,172.9,0.5,1608.3,373.4
5,-121.7,-865.8,1294.9,0,PO_left,0.9,10,1,9,161.6,0.4,2478.1,413.5
6,-217.1,-1019.4,1658.0,64,PO_left,0.9,7,1,6,219.8,0.6,1537.1,382.8
7,-102.6,-696.8,598.8,72,PO_left,0.9,11,3,7,185.0,0.4,2558.6,418.2
8,-72.4,-855.1,1549.4,29,PO_left,0.9,11,3,8,173.7,0.4,2467.4,403.4
9,-143.6,-944.8,1159.2,17,PO_left,0.9,12,1,9,115.4,0.3,1790.7,385.8
10,-499.7,-1102.6,1607.9,20,PO_left,0.9,10,3,7,199.2,0.4,2407.6,475.2
11,-264.7,-1096.0,1621.5,43,PO_left,0.9,9,2,7,167.0,0.4,2592.1,455.7
12,-171.1,-704.1,756.2,44,PO_left,0.9,11,1,10,209.8,0.5,1633.4,436.9
13,-475.4,-1149.4,1535.7,24,PO_left,0.9,12,3,9,155.5,0.4,2040.9,360.5
14,-522.0,-1108.5,1335.9,62,PO_left,0.9,8,2,6,123.2,0.3,1748.5,387.7
15,-102.2,-659.0,492.8,54,PO_left,0.9,10,3,7,218.9,0.6,1793.7,362.9
16,-418.9,-1085.8,1445.8,61,PO_left,0.9,11,3,8,171.7,0.4,1918.6,397.4
17,-566.0,-1109.3,1034.7,69,PO_left,0.9,11,3,8,152.6,0.4,2336.3,408.3
18,-418.2,-1118.2,1424.8,61,PO_left,0.9,7,1,5,169.4,0.5,1101.4,316.9
19,-579.4,-1103.5,1133.7,47,PO_left,0.9,12,3,9,161.8,0.4,2824.1,415.3
20,-326.9,-1076.8,1236.8,63,PO_left,0.9,11,2,7,122.7,0.4,1425.7,305.9
21,-413.1,-1028.1,1187.7,68,PO_left,0.9,12,2,10,173.7,0.5,2177.9,375.1
22,-642.3,-1171.3,1461.2,35,PO_left,0.9,7,3,4,172.4,0.4,1918.6,408.7
23,-150.0,-1021.7,1586.5,5,PO_left,0.9,9,3,6,143.4,0.3,2109.4,411.7
24,-37.7,-640.4,523.7,54,PO_left,0.9,10,1,9,170.8,0.4,2300.5,400.0
25,-24.5,-543.0,614.9,50,PO_left,0.9,8,1,7,104.4,0.3,1142.7,324.1
26,-104.4,-635.2,694.7,56,PO_left,0.9,9,2,7,150.4,0.4,1764.5,372.7
27,-201.3,-972.2,1007.0,59,PO_left,0.9,8,1,7,157.2,0.4,1865.2,412.1
28,-390.9,-1106.3,1288.0,18,PO_left,0.9,10,1,9,168.0,0.4,2341.5,478.8
29,-631.7,-1256.9,1265.4,49,PO_left,0.9,11,3,8,116.2,0.3,1644.6,371.3
30,-559.3,-1081.4,1136.5,41,PO_left,0.9,10,2,7,149.5,0.4,1965.9,417.3
31,-109.5,-828.2,984.8,71,PO_left,0.9,12,3,9,164.8,0.4,2683.0,432.2
32,-126.1,-927.6,1392.1,30,PO_left,0.9,11,3,8,194.6,0.5,3005.7,424.5
33,-611.2,-1195.2,1461.0,35,PO_left,0.9,10,2,8,204.9,0.4,2488.6,462.8
34,-140.7,-957.7,1711.8,74,PO_left,0.9,11,2,9,126.0,0.3,2409.4,425.3
35,-317.2,-1044.2,1209.6,63,PO_left,0.9,9,3,6,180.1,0.4,1896.9,417.7
36,-60.8,-667.1,897.3,23,PO_left,0.9,7,1,6,162.4,0.4,862.6,387.8
37,-110.6,-695.7,867.0,23,PO_left,0.9,10,3,7,245.5,0.5,2491.5,452.6
38,-695.7,-1256.4,1287.4,49,PO_left,0.9,14,4,10,132.6,0.3,2582.6,438.1
39,-210.4,-888.6,947.9,28,PO_left,0.9,8,1,7,102.5,0.2,1947.0,464.3
40,-107.6,-927.7,1349.7,58,PO_left,0.9,11,2,9,156.0,0.4,2169.4,423.0
41,-176.9,-901.2,1148.1,17,PO_left,0.9,8,3,5,87.8,0.2,1455.2,368.8
42,-159.6,-943.8,1097.4,17,PO_left,0.9,12,2,10,163.5,0.4,2638.6,419.2
43,-50.9,-807.0,1330.9,0,PO_left,0.9,9,2,7,142.2,0.3,1680.0,416.0
44,-348.5,-1067.3,1482.7,57,PO_left,0.9,8,1,6,150.5,0.5,1450.6,326.5
45,-477.7,-1060.5,1234.6,53,PO_left,0.9,8,3,5,137.0,0.4,1783.4,353.9
46,-267.8,-1056.7,1436.5,57,PO_left,0.9,9,1,7,124.4,0.4,1153.0,339.4
47,-504.0,-1065.0,1162.0,41,PO_left,0.9,9,3,6,118.9,0.3,1738.3,353.1
48,-433.1,-1165.9,1191.2,8,PO_left,0.9,8,1,7,99.5,0.2,1640.6,411.2
49,-705.8,-1198.8,983.7,48,PO_left,0.9,10,1,8,151.3,0.4,1722.9,364.0
50,-65.4,-686.8,925.5,23,PO_left,0.9,8,2,6,184.4,0.5,1484.9,369.5
51,-164.5,-852.3,1083.6,71,PO_left,0.9,9,3,6,149.5,0.3,1449.4,473.3
52,-403.4,-1137.8,1623.6,20,PO_left,0.9,10,1,9,156.4,0.4,2282.6,402.8
53,-131.9,-1031.9,1506.5,5,PO_left,0.9,10,1,9,129.1,0.3,2127.5,384.1
54,-477.3,-1139.5,1533.6,24,PO_left,0.9,8,3,4,143.8,0.3,1535.6,411.7
55,-105.2,-1068.4,1730.7,74,PO_left,0.9,10,1,9,147.4,0.4,1400.6,389.7
56,-563.2,-1099.8,1223.8,66,PO_left,0.9,9,3,6,127.5,0.4,1306.8,348.2
57,-28.9,-596.2,427.7,31,PO_left,0.9,10,2,8,156.7,0.5,1939.9,335.0
58,-631.2,-1168.8,1005.5,4,PO_left,0.9,8,3,5,152.0,0.4,1917.7,417.5
59,-99.2,-654.8,788.3,11,PO_left,0.9,9,2,7,152.1,0.4,1854.3,402.9
60,-445.6,-1130.5,1136.9,8,PO_left,0.9,11,3,8,125.7,0.3,2077.2,415.5
61,-481.8,-1180.3,1300.0,62,PO_left,0.9,13,2,11,140.6,0.4,2682.3,366.8
62,-233.5,-885.9,965.5,28,PO_left,0.9,10,1,9,164.4,0.4,2374.2,408.6
63,-624.4,-1293.6,1214.7,49,PO_left,0.9,8,1,7,163.4,0.4,1600.9,375.9
64,-618.3,-1229.5,1503.8,39,PO_left,0.9,10,5,5,147.3,0.4,1822.9,356.4
65,-491.3,-1090.5,1563.0,20,PO_left,0.9,10,2,8,133.3,0.4,2107.8,358.3
66,-370.2,-1091.8,1567.2,20,PO_left,0.9,9,2,7,158.2,0.4,1896.3,421.4
67,-137.9,-999.1,1318.6,37,PO_left,0.9,11,1,10,163.7,0.4,2595.7,460.7
68,-466.3,-1050.6,1270.5,53,PO_left,0.9,10,1,8,157.4,0.4,1767.6,380.9
69,-596.3,-1133.5,1424.3,35,PO_left,0.9,8,3,5,114.6,0.3,1913.9,434.3
70,-103.6,-706.7,838.3,11,PO_left,0.9,7,1,6,149.1,0.3,1539.0,431.7
71,-84.4,-860.1,1061.4,12,PO_left,0.9,10,2,8,191.6,0.5,2855.6,422.9
72,-261.2,-923.8,887.1,6,PO_left,0.9,10,2,8,137.2,0.3,2654.7,395.5
73,-192.9,-909.5,1000.6,28,PO_left,0.9,11,3,8,126.5,0.3,2560.2,437.1
74,-61.9,-930.9,1607.2,10,PO_left,0.9,10,2,8,112.7,0.3,2218.8,343.2
75,-563.2,-1136.5,1260.5,66,PO_left,0.9,8,3,5,154.1,0.4,1885.3,374.6
76,-204.6,-1003.3,1212.0,52,PO_left,0.9,9,1,7,199.8,0.5,1441.1,417.5
77,-650.2,-1160.5,838.9,7,PO_left,0.9,9,2,7,158.4,0.5,1571.3,323.4
78,-98.6,-653.5,262.9,9,PO_left,0.9,5,1,4,167.9,0.4,1532.7,440.5
79,-593.4,-1179.4,1152.0,47,PO_left,0.9,10,5,5,116.7,0.3,1913.7,369.3
80,-385.0,-1013.8,1169.9,68,PO_left,0.9,11,3,8,177.6,0.4,2269.7,412.4
81,-227.7,-992.0,1085.1,34,PO_left,0.9,13,2,10,143.0,0.4,1887.4,401.6
82,-337.4,-1035.6,1067.7,55,PO_left,0.9,11,1,10,221.9,0.6,2117.8,369.6
83,-25.8,-645.0,557.8,50,PO_left,0.9,11,2,8,114.7,0.3,1821.9,425.6
84,-390.6,-1065.8,1466.3,61,PO_left,0.9,10,2,7,150.1,0.3,1922.1,429.4
85,-538.4,-1188.6,1501.2,32,PO_left,0.9,10,1,9,125.0,0.3,2357.2,373.5
86,-124.1,-955.2,1208.7,13,PO_left,0.9,9,1,7,175.6,0.4,1562.5,400.4
87,-125.1,-990.0,1686.2,74,PO_left,0.9,13,5,8,133.1,0.3,2847.9,453.4
88,-330.4,-1101.6,1563.8,43,PO_left,0.9,9,2,7,165.9,0.4,1397.5,410.7
89,-470.7,-1088.4,1336.2,62,PO_left,0.9,11,5,6,159.8,0.5,2510.6,332.8
90,-264.4,-1087.4,1575.5,43,PO_left,0.9,8,1,7,151.5,0.4,1196.7,356.9
91,-443.3,-1019.3,1238.0,53,PO_left,0.9,8,2,6,136.8,0.3,2065.3,439.8
92,-71.8,-991.9,1745.8,14,PO_left,0.9,9,1,8,158.4,0.4,2232.2,389.7
93,-92.7,-915.0,1329.3,58,PO_left,0.9,11,2,9,136.4,0.3,2894.8,447.6
94,-616.4,-1240.0,893.1,65,PO_left,0.9,11,1,10,199.6,0.5,2977.0,438.5
95,-66.2,-646.0,447.1,54,PO_left,0.9,10,2,8,212.9,0.5,2335.1,420.0
96,-581.0,-1252.5,926.0,21,PO_left,0.9,10,2,8,143.4,0.4,2142.9,408.3
97,-126.2,-861.8,1012.7,71,PO_left,0.9,11,1,10,135.8,0.3,3028.9,429.4
98,-130.4,-862.6,1285.8,0,PO_left,0.9,9,2,7,144.1,0.3,2612.4,430.0
99,-279.6,-1086.1,1391.0,57,PO_left,0.9,9,1,7,151.3,0.3,1576.5,439.7
100,-308.3,-1084.6,1283.0,63,PO_left,0.9,10,2,8,154.8,0.4,2229.6,430.7
101,-272.7,-1071.5,1681.1,64,PO_left,0.9,8,2,6,111.3,0.4,1438.2,305.3
102,-85.7,-687.1,886.4,23,PO_left,0.9,7,1,6,119.0,0.3,1230.3,368.5
103,-476.0,-1085.2,1555.2,20,PO_left,0.9,10,3,7,117.6,0.3,2132.5,336.4
104,-475.8,-1127.6,1568.8,20,PO_left,0.9,11,2,9,137.6,0.3,1948.1,421.6
105,-476.4,-1220.1,1059.6,22,PO_left,0.9,11,2,9,140.6,0.3,3096.2,416.8
106,-124.2,-918.5,1238.9,13,PO_left,0.9,9,3,6,168.0,0.4,2905.1,463.0
107,-635.5,-1161.9,1229.2,19,PO_left,0.9,10,4,6,111.1,0.3,2116.5,427.6
108,-586.0,-1180.9,1367.3,38,PO_left,0.9,8,2,6,117.8,0.3,1992.1,385.3
109,-341.5,-1091.8,1634.5,16,PO_left,0.9,10,1,9,106.3,0.3,2183.0,381.0
110,-572.2,-1100.4,1258.2,66,PO_left,0.9,13,3,10,152.3,0.4,3296.7,376.5
111,-76.7,-935.0,1344.3,58,PO_left,0.9,10,3,7,158.6,0.4,2249.9,426.1
112,-176.8,-1107.1,1702.5,60,PO_left,0.9,11,2,9,126.7,0.3,1922.3,381.2
113,-180.8,-941.8,1288.9,37,PO_left,0.9,10,1,8,163.6,0.4,2138.5,466.9
114,-448.1,-1133.8,1523.8,24,PO_left,0.9,10,1,9,110.3,0.3,1764.0,315.5
115,-156.3,-790.6,948.5,67,PO_left,0.9,12,1,11,201.2,0.5,2726.2,422.5
116,-107.9,-855.3,1234.4,13,PO_left,0.9,12,3,9,153.4,0.4,2501.4,396.1
117,-46.9,-674.3,467.1,54,PO_left,0.9,9,1,8,178.5,0.4,2135.5,424.8
118,-49.1,-872.3,1183.3,13,PO_left,0.9,9,3,6,178.2,0.4,2122.2,438.1
119,-223.0,-1025.1,1582.2,43,PO_left,0.9,11,3,8,189.7,0.4,2285.3,422.4
120,-92.5,-1008.6,1747.9,14,PO_left,0.9,7,2,5,134.2,0.3,1610.6,430.9
121,-76.0,-636.8,338.6,31,PO_left,0.9,10,4,6,161.1,0.4,2049.4,369.7
122,-26.9,-637.4,390.7,31,PO_left,0.9,13,2,11,180.8,0.4,1948.9,411.6
123,-562.6,-1137.5,1372.7,38,PO_left,0.9,13,2,11,148.2,0.4,2394.5,417.2
124,-658.9,-1251.2,1316.5,49,PO_left,0.9,9,1,7,105.5,0.2,2036.4,457.4
125,-153.9,-855.7,919.3,6,PO_left,0.9,12,2,10,206.4,0.5,3131.9,445.5
126,-53.8,-664.3,417.3,31,PO_left,0.9,8,2,6,144.8,0.4,1253.9,373.2
127,-44.9,-797.1,1180.6,51,PO_left,0.9,9,2,7,151.6,0.4,1851.9,399.5
128,-99.8,-838.5,1232.8,51,PO_left,0.9,11,4,7,139.4,0.3,3090.3,449.4
129,-707.2,-1182.6,1005.2,4,PO_left,0.9,13,2,11,192.9,0.5,1994.0,399.4
130,-646.7,-1183.8,752.1,7,PO_left,0.9,10,1,9,182.5,0.5,1626.2,351.0
131,-618.7,-1275.6,1270.1,49,PO_left,0.9,11,2,9,182.9,0.5,1859.8,360.3
132,-510.6,-1062.4,1003.2,69,PO_left,0.9,9,2,7,114.1,0.3,1463.0,338.4
133,-405.0,-1132.3,1547.9,20,PO_left,0.9,11,4,6,152.3,0.4,1773.1,418.7
134,-258.0,-993.8,1099.6,34,PO_left,0.9,9,2,7,151.4,0.4,1842.1,382.2
135,-663.2,-1172.0,830.9,7,PO_left,0.9,11,1,10,161.2,0.4,1982.9,431.4
136,-630.3,-1191.7,997.5,4,PO_left,0.9,10,1,9,198.2,0.5,2511.1,412.8
137,-30.8,-833.1,1373.5,0,PO_left,0.9,10,2,7,152.2,0.4,1317.8,400.3
138,-129.1,-882.7,1362.7,0,PO_left,0.9,10,2,8,147.2,0.5,1776.8,308.9
139,-330.9,-1123.9,1739.5,16,PO_left,0.9,8,3,5,130.8,0.3,2097.7,429.1
140,-59.3,-930.3,1322.7,58,PO_left,0.9,8,3,5,138.4,0.3,1923.4,411.5
141,-150.4,-742.0,878.7,67,PO_left,0.9,11,2,9,109.4,0.3,2737.0,400.7
142,-555.7,-1153.9,1123.9,47,PO_left,0.9,11,1,10,172.1,0.4,2699.0,414.7
143,-409.8,-1032.8,1051.9,55,PO_left,0.9,11,1,10,182.8,0.4,2203.6,408.5
144,-618.6,-1138.0,1055.4,69,PO_left,0.9,11,3,8,166.4,0.5,2105.3,362.0
145,-189.1,-1022.8,1673.5,74,PO_left,0.9,7,4,3,204.6,0.4,1604.0,458.3
146,-151.7,-749.5,981.7,67,PO_left,0.9,8,3,5,106.9,0.3,1636.8,337.6
147,-95.4,-1059.1,1696.7,74,PO_left,0.9,11,2,9,152.0,0.4,2185.7,363.5
148,-174.7,-990.2,1279.7,37,PO_left,0.9,10,3,7,173.3,0.5,1836.9,327.7
149,-102.6,-968.1,1720.5,14,PO_left,0.9,9,2,7,101.9,0.3,1650.7,328.0
150,-67.7,-614.9,423.0,31,PO_left,0.9,9,1,8,146.3,0.5,1541.8,295.8
151,-396.8,-1097.3,1254.9,53,PO_left,0.9,11,6,5,120.2,0.4,1551.9,291.3
152,-73.5,-864.4,1197.2,13,PO_left,0.9,11,1,10,174.3,0.4,2032.3,403.4
153,-96.4,-680.3,531.2,54,PO_left,0.9,11,2,9,160.6,0.4,2691.6,412.3
154,-106.4,-885.9,1205.4,13,PO_left,0.9,9,1,8,157.3,0.4,1831.7,369.1
155,-120.3,-743.6,1014.6,67,PO_left,0.9,11,3,8,160.2,0.4,2958.3,390.4
156,-549.7,-1255.3,1417.3,2,PO_left,0.9,13,2,11,146.5,0.4,2653.9,386.9
157,-537.4,-1214.4,1326.1,62,PO_left,0.9,11,2,9,188.9,0.5,1788.0,406.4
158,-464.8,-1100.3,1642.9,20,PO_left,0.9,9,1,8,196.4,0.5,2083.9,425.7
159,-43.5,-887.2,1525.3,29,PO_left,0.9,10,1,9,134.8,0.3,1592.5,391.8
160,-140.9,-1005.1,1643.7,3,PO_left,0.9,9,2,7,148.1,0.4,1648.7,394.4
161,-646.8,-1152.8,1437.1,35,PO_left,0.9,11,2,9,168.7,0.3,3959.5,504.2
162,-156.8,-928.7,1626.0,3,PO_left,0.9,9,1,8,137.4,0.4,1879.2,391.8
163,-157.6,-1054.3,1684.5,74,PO_left,0.9,10,2,8,122.0,0.3,2569.3,440.1
164,-625.2,-1144.7,1107.4,40,PO_left,0.9,9,3,6,117.2,0.3,2048.7,404.2
165,-245.0,-1064.5,1476.7,57,PO_left,0.9,10,3,7,161.8,0.4,1981.5,391.0
166,-228.4,-852.8,925.4,6,PO_left,0.9,10,2,8,212.9,0.5,1738.4,458.2
167,-67.9,-839.5,1378.4,0,PO_left,0.9,8,3,5,147.9,0.4,2060.3,393.3
168,-533.2,-1056.8,1230.4,66,PO_left,0.9,9,2,7,189.9,0.5,2273.2,408.7
169,-157.0,-980.9,1705.5,74,PO_left,0.9,10,2,7,119.5,0.3,1565.0,348.4
170,-71.7,-635.3,375.2,31,PO_left,0.9,9,3,6,153.2,0.4,1975.2,433.3
171,-524.7,-1102.8,1158.6,41,PO_left,0.9,10,2,8,122.0,0.3,2284.3,382.6
172,-503.7,-1208.5,927.1,21,PO_left,0.9,11,1,10,148.8,0.4,1844.3,344.8
173,-361.9,-1084.1,1297.4,18,PO_left,0.9,9,1,8,150.1,0.5,1747.6,311.5
174,-657.3,-1241.0,915.3,65,PO_left,0.9,8,1,7,174.5,0.4,2183.7,444.4
175,-171.9,-935.4,1535.7,5,PO_left,0.9,12,2,10,160.2,0.4,2347.3,402.6
176,-574.2,-1157.4,1298.7,38,PO_left,0.9,11,2,9,160.4,0.4,3056.4,421.6
177,-184.6,-734.0,730.6,44,PO_left,0.9,9,2,6,170.7,0.4,1875.5,407.1
178,-290.9,-1068.0,1435.8,57,PO_left,0.9,8,4,4,158.8,0.4,1834.2,374.0
179,-154.5,-715.0,800.5,44,PO_left,0.9,9,1,8,165.5,0.6,1375.8,290.7
180,-516.3,-1265.6,1418.9,2,PO_left,0.9,8,2,6,147.5,0.3,1590.7,422.9
181,-116.1,-966.0,1378.1,30,PO_left,0.9,9,1,8,133.3,0.4,1803.9,339.1
182,-184.8,-988.1,1265.4,52,PO_left,0.9,11,2,9,135.9,0.4,2286.8,386.6
183,-604.2,-1220.8,1374.9,38,PO_left,0.9,10,3,7,153.0,0.4,1897.6,346.7
184,-104.3,-688.2,654.8,45,PO_left,0.9,8,2,6,157.9,0.4,1810.7,381.2
185,-621.1,-1113.5,1207.8,47,PO_left,0.9,9,1,8,177.0,0.4,2184.6,444.0
186,-179.7,-1103.2,1741.1,60,PO_left,0.9,10,1,9,101.5,0.2,1491.8,419.4
187,-414.9,-1074.4,1566.8,20,PO_left,0.9,10,3,7,100.2,0.3,2266.5,389.9
188,-477.9,-1131.1,1575.1,20,PO_left,0.9,12,1,11,181.3,0.5,1891.2,367.7
189,-107.0,-941.2,1197.1,13,PO_left,0.9,12,2,10,174.0,0.4,2577.0,478.4
190,-376.5,-1117.0,1580.5,20,PO_left,0.9,8,3,5,150.9,0.4,2032.7,362.6
191,-453.0,-1147.2,916.0,15,PO_left,0.9,11,3,8,167.8,0.4,2722.1,448.0
192,-545.8,-1223.5,881.1,21,PO_left,0.9,11,1,10,193.4,0.4,1670.6,435.6
193,-628.1,-1274.3,1027.6,42,PO_left,0.9,10,1,9,148.2,0.3,2832.6,438.6
194,-511.5,-1167.9,1557.5,32,PO_left,0.9,9,1,8,144.7,0.3,2057.3,446.2
195,-462.9,-1190.2,1064.6,22,PO_left,0.9,11,2,9,109.1,0.3,2253.6,405.2
196,-389.6,-1113.6,1548.3,20,PO_left,0.9,9,3,6,136.2,0.4,1254.6,386.7
197,-379.0,-1103.6,1316.4,18,PO_left,0.9,11,2,9,127.6,0.4,2359.4,325.3
198,-120.8,-800.5,950.0,67,PO_left,0.9,9,3,6,191.3,0.5,1954.3,351.7
199,-119.1,-884.9,1513.7,29,PO_left,0.9,7,1,6,166.6,0.4,1788.3,423.9
200,-426.2,-1066.5,1201.2,68,PO_left,0.9,9,3,6,154.6,0.5,1349.0,297.3
201,-127.2,-658.9,593.8,72,PO_left,0.9,7,1,6,150.0,0.4,1764.6,419.7
202,-44.7,-536.8,561.0,1,PO_left,0.9,9,1,8,182.6,0.4,2017.6,416.0
203,-167.9,-1001.8,1452.9,5,PO_left,0.9,10,2,8,142.0,0.3,2415.6,415.8
204,-529.9,-1119.5,1162.0,47,PO_left,0.9,10,2,8,142.0,0.4,1629.9,321.1
205,-570.5,-1260.6,1472.1,2,PO_left,0.9,10,2,8,153.1,0.3,2153.3,438.2
206,-150.7,-731.2,960.8,67,PO_left,0.9,13,1,12,166.8,0.4,3169.4,380.6
207,-585.3,-1118.0,969.8,69,PO_left,0.9,11,3,8,180.1,0.4,2691.1,433.2
208,-365.6,-1074.3,1128.0,68,PO_left,0.9,9,1,7,189.9,0.5,1638.6,391.5
209,-230.9,-1063.6,1607.1,43,PO_left,0.9,10,3,6,101.3,0.3,1761.5,389.7
210,-99.5,-891.1,1672.7,27,PO_left,0.9,11,2,9,112.1,0.3,2131.4,390.2
211,-611.4,-1228.9,1006.3,42,PO_left,0.9,11,2,9,146.0,0.4,2622.3,399.3
212,-633.4,-1253.4,1042.2,42,PO_left,0.9,12,2,10,149.3,0.3,3191.4,434.0
213,-367.9,-1097.6,1167.3,68,PO_left,0.9,11,1,10,157.8,0.4,1829.6,442.7
214,-430.1,-1124.9,1613.8,20,PO_left,0.9,8,3,5,185.3,0.5,1357.6,400.2
215,-564.2,-1080.0,1023.5,69,PO_left,0.9,13,1,12,183.8,0.4,3150.9,423.1
216,-647.3,-1160.9,874.6,7,PO_left,0.9,10,1,9,132.2,0.4,1508.2,367.6
217,-144.0,-730.6,955.1,67,PO_left,0.9,9,2,7,113.4,0.3,2908.6,413.3
218,-670.1,-1199.4,1243.0,19,PO_left,0.9,11,3,8,151.6,0.5,1950.6,312.2
219,-530.5,-1124.4,1364.9,62,PO_left,0.9,11,1,10,157.2,0.4,1942.5,394.5
220,-646.4,-1231.8,1488.5,39,PO_left,0.9,11,2,9,177.9,0.4,3009.9,416.7
221,-507.1,-1240.7,1111.9,26,PO_left,0.9,6,1,5,158.5,0.4,1454.1,390.3
222,-482.5,-1138.0,1503.0,24,PO_left,0.9,11,2,9,132.2,0.4,2167.8,362.1
223,-568.2,-1226.2,935.1,21,PO_left,0.9,13,3,10,171.9,0.4,2445.0,450.4
224,-502.2,-1101.9,1298.6,66,PO_left,0.9,11,4,7,96.0,0.3,2337.6,370.5
225,-499.1,-1219.2,1235.8,8,PO_left,0.9,11,2,9,134.0,0.3,1964.5,396.0
226,-652.8,-1220.8,1018.0,4,PO_left,0.9,12,2,10,154.2,0.4,2925.0,378.4
227,-522.2,-1124.5,1577.6,32,PO_left,0.9,9,2,7,100.9,0.3,1480.0,356.4
228,-501.9,-1072.0,934.8,15,PO_left,0.9,9,1,8,170.8,0.5,1477.3,340.4
229,-537.3,-1117.1,924.6,15,PO_left,0.9,11,2,9,149.7,0.3,3163.6,436.5
230,-466.2,-1194.0,1121.0,22,PO_left,0.9,10,1,9,166.9,0.4,1671.3,415.4
231,-567.5,-1135.6,1494.5,32,PO_left,0.9,7,2,5,136.9,0.3,1951.8,405.5
232,-138.6,-885.9,1476.1,29,PO_left,0.9,10,1,9,149.2,0.4,2247.2,421.6
233,-660.7,-1164.9,1217.7,19,PO_left,0.9,10,1,9,143.8,0.4,1893.0,382.4
234,-78.5,-802.3,1043.1,12,PO_left,0.9,10,1,9,189.2,0.4,2562.5,441.1
235,-89.8,-896.1,1679.9,27,PO_left,0.9,1,1,0,42.1,0.7,56.8,56.8
236,-515.2,-1233.0,987.4,21,PO_left,0.9,6,1,5,118.5,0.4,1125.2,300.3
237,-91.0,-1012.5,1698.8,14,PO_left,0.9,9,3,6,171.5,0.4,2525.3,455.4
238,-33.2,-922.9,1657.3,27,PO_left,0.9,11,1,9,162.1,0.4,2679.1,436.2
239,-412.3,-1127.3,1194.3,68,PO_left,0.9,9,3,6,186.0,0.5,1889.5,408.5
240,-475.5,-1116.8,1587.4,20,PO_left,0.9,12,2,10,138.5,0.4,2665.6,394.8
241,-402.0,-1115.7,1227.0,68,PO_left,0.9,10,4,6,129.4,0.3,2759.3,421.4
242,-528.5,-1235.0,1140.5,26,PO_left,0.9,9,1,7,121.6,0.3,1674.5,383.6
243,-132.7,-832.3,1178.3,36,PO_left,0.9,9,2,7,130.0,0.4,2233.5,335.4
244,-116.3,-896.8,1117.7,17,PO_left,0.9,9,2,7,151.4,0.4,1382.6,359.1
245,-189.5,-903.4,1167.3,17,PO_left,0.9,9,2,7,106.3,0.3,2274.2,348.5
246,-595.2,-1234.4,1287.1,49,PO_left,0.9,9,2,7,97.3,0.2,2516.6,421.6
247,-561.0,-1275.8,1415.0,2,PO_left,0.9,10,2,8,136.7,0.3,2296.3,416.1
248,-3.4,-595.8,459.2,1,PO_left,0.9,8,2,6,224.2,0.5,2199.2,438.0
249,-628.3,-1169.5,1487.8,35,PO_left,0.9,9,1,8,170.3,0.4,2175.2,429.9
250,-16.3,-576.4,476.9,1,PO_left,0.9,8,2,6,156.3,0.5,1576.4,330.3
251,-209.0,-999.4,1447.0,5,PO_left,0.9,12,2,10,151.1,0.4,3005.6,429.4
252,-497.2,-1131.9,1501.8,24,PO_left,0.9,7,2,5,135.9,0.4,1324.9,375.5
253,-101.7,-929.4,1478.4,29,PO_left,0.9,10,3,7,144.3,0.4,1734.5,360.1
254,-111.1,-841.8,1196.9,36,PO_left,0.9,10,2,8,124.3,0.4,1558.8,317.6
255,-494.8,-1179.8,1317.9,62,PO_left,0.9,9,1,8,116.5,0.3,2041.2,358.7
256,-453.6,-1162.5,1198.4,8,PO_left,0.9,9,2,7,111.7,0.4,1434.8,300.1
257,-661.1,-1242.5,805.3,7,PO_left,0.9,11,2,9,179.2,0.4,1761.4,411.5
258,-649.1,-1254.2,1373.7,33,PO_left,0.9,11,1,10,155.0,0.4,2344.5,403.4
259,-392.1,-1090.8,1681.2,16,PO_left,0.9,11,2,9,148.4,0.3,2214.4,437.0
260,-56.7,-681.9,610.6,72,PO_left,0.9,11,3,8,172.7,0.4,3082.1,461.7
261,-504.2,-1220.6,1404.5,2,PO_left,0.9,8,2,6,135.9,0.4,1922.7,351.1
262,-127.1,-871.9,1397.7,0,PO_left,0.9,10,1,8,189.4,0.4,2029.0,425.3
263,-198.9,-869.3,971.4,28,PO_left,0.9,12,3,9,163.8,0.4,2363.2,373.6
264,-428.0,-1052.2,1246.7,53,PO_left,0.9,11,2,9,122.1,0.3,2553.2,427.0
265,-199.9,-1012.2,1366.2,25,PO_left,0.9,11,2,9,147.0,0.3,2126.9,430.9
266,-184.1,-1034.0,1352.5,25,PO_left,0.9,12,3,9,127.9,0.3,3007.3,424.3
267,-563.8,-1160.2,875.2,15,PO_left,0.9,9,1,8,147.1,0.4,1847.2,353.0
268,-608.3,-1242.7,1115.5,26,PO_left,0.9,10,3,7,109.1,0.3,1701.5,353.7
269,-640.5,-1155.7,1232.4,19,PO_left,0.9,11,4,6,148.0,0.4,1910.0,334.7
270,-641.9,-1244.3,1275.6,49,PO_left,0.9,11,1,10,109.0,0.3,1804.2,386.2
271,-337.3,-1007.6,1412.4,57,PO_left,0.9,9,2,7,123.8,0.4,1364.8,308.4
272,-529.7,-1219.3,1445.3,2,PO_left,0.9,11,2,9,105.5,0.3,2271.0,403.3
273,-332.7,-1070.9,1076.6,55,PO_left,0.9,11,3,8,118.6,0.5,1363.1,249.4
274,-231.0,-936.2,1008.1,59,PO_left,0.9,9,2,6,157.2,0.4,2502.6,422.0
275,-51.8,-817.0,1266.6,51,PO_left,0.9,11,3,8,199.2,0.5,2181.0,382.5
276,-55.2,-1018.0,1727.5,14,PO_left,0.9,10,1,9,146.5,0.3,1833.4,419.1
277,-621.6,-1160.2,1367.4,38,PO_left,0.9,8,2,6,129.4,0.3,1413.7,416.7
278,-483.3,-1054.4,1137.7,41,PO_left,0.9,9,2,7,152.6,0.4,2206.2,380.6
279,-601.1,-1154.9,798.5,7,PO_left,0.9,11,3,8,189.5,0.4,2808.0,437.0
280,-463.9,-1051.0,1417.0,61,PO_left,0.9,10,4,6,92.6,0.4,1180.1,261.3
281,-122.3,-781.9,904.7,67,PO_left,0.9,8,2,6,152.2,0.3,2247.6,448.0
282,-197.4,-870.9,990.9,28,PO_left,0.9,10,2,8,178.4,0.4,2781.4,449.1
283,-157.0,-1036.7,1502.7,5,PO_left,0.9,10,2,7,187.8,0.4,2519.7,442.4
284,-499.1,-1203.2,1062.2,22,PO_left,0.9,9,1,8,163.5,0.4,2330.7,388.5
285,-116.1,-934.4,1322.5,37,PO_left,0.9,10,4,6,159.1,0.4,2005.2,396.7
286,-562.4,-1119.8,977.6,69,PO_left,0.9,9,5,4,145.5,0.4,1774.7,361.3
287,-55.1,-634.6,269.2,9,PO_left,0.9,9,1,7,130.8,0.4,1017.7,339.4
288,-149.9,-949.8,1334.6,37,PO_left,0.9,7,2,5,136.6,0.4,1645.5,365.2
289,-97.5,-972.5,1444.4,30,PO_left,0.9,11,3,8,150.2,0.3,2780.8,454.5
290,-474.2,-1102.6,1595.2,20,PO_left,0.9,7,1,6,117.7,0.3,1360.0,363.1
291,-554.1,-1217.5,1134.0,26,PO_left,0.9,11,2,8,175.8,0.4,2859.7,427.4
292,-560.9,-1284.0,1351.1,2,PO_left,0.9,8,1,7,119.1,0.3,1870.6,395.6
293,-623.9,-1217.1,1389.2,33,PO_left,0.9,11,3,8,127.2,0.4,2021.6,297.8
294,-71.9,-880.1,1661.7,27,PO_left,0.9,8,1,7,130.3,0.3,1637.4,401.3
295,-131.0,-1013.9,1602.7,10,PO_left,0.9,8,2,6,143.8,0.4,2082.2,361.3
296,-79.7,-703.7,948.4,23,PO_left,0.9,9,2,7,159.4,0.4,2280.9,395.3
297,-68.7,-602.9,538.8,1,PO_left,0.9,8,3,5,189.1,0.5,1834.2,382.6
298,-132.4,-715.0,920.9,67,PO_left,0.9,10,3,7,207.9,0.5,2586.5,420.9
299,-590.6,-1131.5,960.6,69,PO_left,0.9,11,2,9,165.6,0.4,2037.6,379.2
300,-643.4,-1171.4,1078.4,40,PO_left,0.9,10,2,8,133.1,0.3,1734.2,396.2
301,-36.5,-914.7,1457.5,29,PO_left,0.9,9,2,7,155.6,0.4,1953.6,393.0
302,-139.2,-838.0,1160.4,36,PO_left,0.9,10,3,7,140.6,0.3,2718.1,446.2
303,-659.2,-1247.2,1094.4,40,PO_left,0.9,9,3,6,180.4,0.5,1657.7,329.4
304,-414.4,-1132.1,1343.3,18,PO_left,0.9,9,1,8,186.6,0.4,1579.7,428.7
305,-188.7,-766.7,798.1,46,PO_left,0.9,8,2,6,167.9,0.4,1832.1,411.5
306,-573.0,-1269.4,857.5,65,PO_left,0.9,10,3,7,156.6,0.4,1983.2,349.6
307,-471.1,-1093.3,1480.4,24,PO_left,0.9,12,4,8,162.7,0.4,2687.0,384.6
308,-136.5,-962.5,1377.8,30,PO_left,0.9,10,1,9,147.7,0.4,2336.0,364.3
309,-304.4,-1145.8,1693.5,16,PO_left,0.9,8,3,5,143.2,0.5,1614.9,315.8
310,-199.8,-1104.2,1735.9,60,PO_left,0.9,8,2,6,77.8,0.4,1014.7,220.2
311,-30.2,-859.0,1617.3,27,PO_left,0.9,9,3,6,145.4,0.4,1904.5,387.8
312,-265.5,-1041.3,1233.9,63,PO_left,0.9,9,3,6,155.5,0.4,2385.4,421.5
313,-136.3,-818.4,1074.0,12,PO_left,0.9,7,1,6,174.8,0.4,1370.7,396.4
314,-15.5,-550.9,532.2,1,PO_left,0.9,7,2,5,202.9,0.5,1964.9,400.8
315,-251.4,-1090.9,1538.6,43,PO_left,0.9,10,1,9,110.8,0.3,2146.3,404.3
316,-674.5,-1252.1,1360.0,33,PO_left,0.9,9,2,7,148.1,0.4,1876.1,409.5
317,-560.5,-1119.0,1243.6,66,PO_left,0.9,7,1,6,119.2,0.3,1460.8,375.0
318,-83.9,-826.0,1019.5,71,PO_left,0.9,11,1,10,136.7,0.4,2398.1,373.9
319,-97.6,-775.6,900.2,67,PO_left,0.9,10,3,7,119.2,0.3,1475.7,376.0
320,-582.0,-1213.2,1396.3,38,PO_left,0.9,12,2,10,134.7,0.3,2826.2,421.3
321,-711.4,-1236.4,992.4,48,PO_left,0.9,14,2,12,145.4,0.4,2327.6,331.1
322,-52.6,-580.6,328.4,31,PO_left,0.9,10,2,8,122.7,0.3,1396.5,372.1
323,-346.4,-1113.7,1369.0,18,PO_left,0.9,12,2,10,110.6,0.3,1818.2,359.5
324,-432.5,-1166.9,1143.2,8,PO_left,0.9,8,1,7,180.2,0.4,2455.5,425.0
325,-71.1,-619.7,754.9,56,PO_left,0.9,10,4,6,161.6,0.4,1914.4,371.6
326,-681.9,-1224.3,1447.3,33,PO_left,0.9,11,1,10,133.4,0.4,1693.6,339.1
327,-70.6,-1000.7,1758.0,14,PO_left,0.9,9,2,7,168.2,0.4,1859.9,427.7
328,-518.8,-1239.7,1197.9,8,PO_left,0.9,10,3,7,125.0,0.3,1949.4,388.3
329,-449.5,-1154.4,1030.9,22,PO_left,0.9,14,3,11,214.9,0.6,3285.7,390.5
330,-647.3,-1194.7,1480.4,35,PO_left,0.9,7,2,5,170.9,0.4,1844.1,392.1
331,-49.3,-858.3,1405.6,0,PO_left,0.9,10,2,8,106.0,0.3,1810.7,303.2
332,-83.2,-945.1,1625.3,10,PO_left,0.9,12,4,8,115.7,0.3,2515.1,339.9
333,-522.4,-1179.0,1511.0,32,PO_left,0.9,6,1,5,102.8,0.2,1382.7,411.9
334,-125.3,-1034.6,1697.0,74,PO_left,0.9,9,3,6,128.6,0.4,1829.6,357.1
335,-104.3,-644.5,348.8,31,PO_left,0.9,8,2,6,156.0,0.4,1798.7,427.2
336,-129.3,-1004.9,1690.9,74,PO_left,0.9,9,3,6,130.8,0.4,2043.9,362.5
337,-535.1,-1115.1,1030.3,69,PO_left,0.9,12,1,10,177.5,0.5,1391.0,359.9
338,-324.1,-1017.9,997.3,34,PO_left,0.9,12,1,11,170.5,0.4,2373.3,408.8
339,-442.7,-1051.9,1086.8,55,PO_left,0.9,9,3,6,207.5,0.5,2228.8,418.6
340,-69.1,-653.7,833.1,11,PO_left,0.9,10,4,6,114.3,0.4,2048.3,316.6
341,-301.8,-1084.8,1308.5,18,PO_left,0.9,11,2,9,104.3,0.3,1585.3,338.1
342,-227.8,-1006.4,1027.6,59,PO_left,0.9,9,2,7,127.4,0.3,1763.2,425.8
343,-232.0,-917.1,897.9,6,PO_left,0.9,12,1,11,231.4,0.5,2815.2,444.9
344,-165.5,-827.8,1119.6,36,PO_left,0.9,11,1,10,189.5,0.5,2653.7,401.4
345,-67.1,-862.9,1377.2,0,PO_left,0.9,10,1,9,132.7,0.4,1992.9,348.6
346,-116.1,-935.1,1289.4,37,PO_left,0.9,11,5,6,147.4,0.3,3258.3,446.1
347,-647.9,-1254.5,889.0,65,PO_left,0.9,10,2,8,138.4,0.4,1928.8,365.3
348,-300.7,-1128.3,1647.0,16,PO_left,0.9,8,2,6,106.6,0.3,1153.6,379.4
349,-201.5,-962.7,1004.8,59,PO_left,0.9,11,2,9,161.3,0.5,2201.6,345.3
350,-385.0,-1151.9,1635.7,16,PO_left,0.9,10,1,8,121.5,0.3,2123.4,404.0
351,-212.6,-883.3,992.2,28,PO_left,0.9,11,1,10,133.2,0.3,2796.3,384.4
352,-177.7,-944.4,1471.7,5,PO_left,0.9,8,1,7,147.0,0.4,1410.2,378.8
353,-236.1,-1042.6,1624.3,43,PO_left,0.9,13,5,8,142.5,0.3,3048.0,462.1
354,-249.8,-992.5,998.8,59,PO_left,0.9,11,2,9,184.4,0.5,2904.5,402.9
355,-153.6,-1049.0,1738.9,74,PO_left,0.9,10,3,7,86.7,0.3,1605.0,340.1
356,-457.9,-1143.4,1610.1,20,PO_left,0.9,8,2,6,126.4,0.3,2082.7,431.5
357,-667.4,-1243.2,1354.1,33,PO_left,0.9,9,1,8,120.6,0.3,2113.8,437.4
358,-565.3,-1229.8,1302.8,38,PO_left,0.9,11,3,8,135.1,0.3,2258.5,400.9
359,-420.9,-1028.0,1216.0,53,PO_left,0.9,9,2,7,108.6,0.3,1719.1,421.4
360,-450.3,-1138.6,933.1,15,PO_left,0.9,9,2,7,137.6,0.5,1496.3,277.8
361,-594.2,-1144.7,767.1,7,PO_left,0.9,11,2,8,151.3,0.3,2102.4,466.9
362,-53.1,-880.1,1314.8,58,PO_left,0.9,12,3,9,131.5,0.3,2338.4,396.4
363,-607.0,-1189.2,789.6,7,PO_left,0.9,14,1,13,156.0,0.4,2527.3,401.8
364,-587.5,-1201.9,1549.8,39,PO_left,0.9,9,1,8,179.7,0.4,1144.1,410.1
365,-426.3,-1140.8,1116.7,22,PO_left,0.9,8,4,4,148.2,0.4,1662.5,406.6
366,-40.4,-574.8,380.1,31,PO_left,0.9,12,2,10,139.9,0.4,2339.3,395.3
367,-495.4,-1091.4,1479.4,24,PO_left,0.9,10,2,8,87.1,0.2,1736.0,390.5
368,-406.7,-1030.6,1466.1,61,PO_left,0.9,10,1,8,126.4,0.4,1559.8,335.4
369,-293.4,-1033.4,1051.9,34,PO_left,0.9,8,3,5,184.4,0.4,1963.5,417.1
370,-238.0,-1023.8,1103.0,34,PO_left,0.9,10,1,9,125.7,0.3,2267.1,384.8
371,-247.6,-1088.5,1582.7,43,PO_left,0.9,11,2,9,154.4,0.4,2620.7,390.5
372,-589.1,-1132.0,1063.3,69,PO_left,0.9,11,3,8,145.1,0.3,2702.8,425.2
373,-481.0,-1108.8,1196.0,8,PO_left,0.9,3,1,2,98.7,0.4,414.7,222.6
374,-681.1,-1264.2,1240.6,73,PO_left,0.9,13,2,11,219.5,0.5,3268.0,466.6
375,-208.8,-815.9,959.3,28,PO_left,0.9,11,2,9,145.9,0.3,2960.7,431.4
376,-424.3,-1142.0,1669.2,16,PO_left,0.9,11,3,8,205.0,0.5,2450.8,439.1
377,-598.3,-1137.7,1482.7,35,PO_left,0.9,9,3,6,161.4,0.4,2030.7,386.9
378,-43.1,-964.3,1611.0,10,PO_left,0.9,10,2,8,147.4,0.4,2116.0,390.4
379,-632.2,-1177.3,1475.0,35,PO_left,0.9,10,1,9,197.8,0.5,2187.5,438.5
380,-555.8,-1283.8,1381.2,2,PO_left,0.9,7,2,4,128.1,0.4,992.9,349.3
381,-314.4,-1089.6,1617.8,43,PO_left,0.9,10,1,9,149.5,0.5,1943.7,331.9
382,-126.3,-672.7,743.4,44,PO_left,0.9,12,1,11,185.5,0.4,2223.0,413.3
383,-558.1,-1182.4,914.1,21,PO_left,0.9,13,1,12,144.6,0.4,2591.0,350.2
384,-670.8,-1189.2,1348.9,33,PO_left,0.9,11,1,10,133.0,0.3,2440.1,434.1
385,-669.6,-1241.0,1320.9,33,PO_left,0.9,9,3,6,208.6,0.5,2302.7,397.0
386,-628.1,-1266.5,837.8,65,PO_left,0.9,11,5,6,130.8,0.4,2058.4,330.3
387,-619.0,-1262.9,1078.2,26,PO_left,0.9,11,1,10,171.2,0.5,2382.4,372.8
388,-98.0,-999.1,1635.3,10,PO_left,0.9,9,3,6,163.7,0.4,1912.7,415.5
389,-566.4,-1122.5,1207.0,47,PO_left,0.9,10,3,7,98.9,0.3,2046.4,379.0
390,-538.0,-1069.9,1076.7,41,PO_left,0.9,12,1,11,151.4,0.4,2351.3,414.3
391,-211.3,-963.4,1262.0,52,PO_left,0.9,11,3,8,117.7,0.3,3530.2,444.3
392,-480.7,-1207.4,1001.8,22,PO_left,0.9,10,3,7,204.2,0.5,2616.5,380.0
393,-660.1,-1261.3,1158.1,73,PO_left,0.9,9,1,8,205.9,0.5,2132.3,391.9
394,-538.5,-1267.2,1027.4,26,PO_left,0.9,10,2,8,177.5,0.4,3050.4,428.3
395,-330.0,-1070.3,1435.2,57,PO_left,0.9,10,2,8,127.1,0.4,1933.3,360.4
396,-70.1,-636.7,603.3,50,PO_left,0.9,9,3,6,167.4,0.4,1715.5,410.9
397,-495.0,-1082.4,1106.3,41,PO_left,0.9,9,1,8,174.6,0.4,2119.0,436.3
398,-719.7,-1226.7,984.6,48,PO_left,0.9,10,1,8,150.3,0.6,1236.1,264.8
399,-507.3,-1077.8,965.3,69,PO_left,0.9,12,1,11,152.0,0.3,3533.8,449.1
400,-71.2,-682.5,530.5,54,PO_left,0.9,10,1,9,142.5,0.4,2541.5,386.5
401,-174.4,-859.3,898.8,6,PO_left,0.9,8,4,3,127.3,0.3,1926.3,365.0
402,-645.9,-1263.8,986.8,42,PO_left,0.9,8,1,7,157.9,0.4,1879.3,362.9
403,-599.7,-1127.4,1187.6,47,PO_left,0.9,10,3,7,117.4,0.3,1890.5,376.1
404,-70.3,-877.9,1563.9,27,PO_left,0.9,11,1,10,204.2,0.5,2555.7,440.7
405,-209.0,-899.1,889.5,6,PO_left,0.9,10,5,5,186.3,0.5,2275.7,395.5
406,-571.5,-1121.8,1137.9,47,PO_left,0.9,7,1,6,157.7,0.4,1802.4,409.4
407,-85.0,-958.2,1683.8,14,PO_left,0.9,11,1,10,166.3,0.4,2309.5,390.9
408,-33.0,-559.2,524.5,1,PO_left,0.9,11,4,7,182.3,0.5,2954.5,372.6
409,-139.0,-963.3,1572.0,10,PO_left,0.9,9,1,8,126.8,0.3,2186.5,459.8
410,-127.0,-911.6,1198.4,13,PO_left,0.9,8,3,5,113.6,0.3,1427.3,367.6
411,-646.2,-1202.1,1087.4,40,PO_left,0.9,9,3,6,177.3,0.4,2600.3,411.7
412,-614.8,-1123.2,1013.1,69,PO_left,0.9,11,2,8,187.2,0.5,2410.8,354.0
413,-368.0,-1073.4,1097.7,55,PO_left,0.9,10,4,6,174.6,0.4,2217.8,418.4
414,-449.6,-1146.7,1113.3,22,PO_left,0.9,8,3,5,114.5,0.4,1776.6,306.8
415,-139.2,-932.9,1402.6,30,PO_left,0.9,11,2,9,195.0,0.5,2581.7,419.8
416,-517.0,-1191.6,1390.0,62,PO_left,0.9,11,2,9,139.9,0.4,2221.0,342.7
417,-93.0,-977.1,1427.0,30,PO_left,0.9,9,1,8,162.8,0.4,1285.4,377.7
418,-472.1,-1155.6,1314.3,62,PO_left,0.9,9,3,6,139.0,0.5,956.7,276.1
419,-81.0,-698.5,905.3,23,PO_left,0.9,12,1,10,145.0,0.4,1443.9,357.0
420,-36.2,-825.7,1241.4,51,PO_left,0.9,10,2,8,188.2,0.4,3036.9,443.8
421,-674.8,-1264.2,1166.4,73,PO_left,0.9,10,2,8,209.5,0.5,2457.7,406.5
422,-577.9,-1143.4,1216.7,47,PO_left,0.9,10,3,7,137.7,0.4,2142.7,369.5
423,-98.1,-967.4,1618.1,10,PO_left,0.9,10,3,7,93.7,0.3,1404.4,281.3
424,-49.2,-920.1,1328.6,58,PO_left,0.9,12,4,8,105.9,0.2,2117.3,442.4
425,-99.1,-661.2,596.8,72,PO_left,0.9,11,1,10,156.4,0.4,2347.7,410.0
426,-460.2,-1108.9,1590.3,20,PO_left,0.9,8,1,7,123.1,0.3,1893.1,419.3
427,-663.8,-1265.7,1343.5,33,PO_left,0.9,12,2,9,156.5,0.4,2132.1,413.3
428,-411.4,-1054.7,1567.8,20,PO_left,0.9,11,2,9,181.9,0.4,2805.2,467.8
429,-66.3,-584.6,628.0,50,PO_left,0.9,8,2,6,129.2,0.4,1518.6,353.9
430,-490.2,-1110.4,1402.7,61,PO_left,0.9,11,1,10,161.2,0.4,2062.7,399.2
431,-398.6,-1115.8,1454.3,61,PO_left,0.9,12,2,10,187.0,0.4,2633.4,416.4
432,-72.6,-927.0,1418.2,58,PO_left,0.9,10,2,8,106.2,0.3,1671.1,369.2
433,-108.7,-901.9,1164.1,13,PO_left,0.9,9,2,7,134.4,0.3,1979.6,403.2
434,-17.3,-842.9,1411.2,58,PO_left,0.9,12,2,10,175.0,0.4,2846.0,415.1
435,-45.3,-871.7,1342.0,58,PO_left,0.9,11,1,10,141.4,0.4,1802.1,375.0
436,-116.8,-954.3,1356.0,30,PO_left,0.9,10,3,7,169.5,0.4,2629.5,429.3
437,-436.6,-1034.8,1219.8,53,PO_left,0.9,10,3,7,119.6,0.3,2027.0,370.2
438,-59.2,-999.2,1689.1,14,PO_left,0.9,9,2,7,155.8,0.3,2199.6,498.6
439,-31.3,-606.2,576.9,50,PO_left,0.9,12,2,10,191.9,0.4,3223.5,443.3
440,-24.5,-612.4,423.1,31,PO_left,0.9,11,2,9,167.3,0.4,2345.7,417.2
441,-540.8,-1223.6,928.4,21,PO_left,0.9,11,1,10,120.4,0.3,2102.8,366.1
442,-46.0,-935.8,1610.6,10,PO_left,0.9,10,2,8,152.7,0.4,1906.0,354.5
443,-586.6,-1254.9,1166.8,26,PO_left,0.9,10,3,7,142.6,0.4,2849.7,398.9
444,-594.0,-1196.4,1281.2,19,PO_left,0.9,11,1,9,159.5,0.4,2574.4,422.2
445,-636.0,-1285.2,1287.4,49,PO_left,0.9,10,1,8,107.8,0.2,2150.2,469.5
446,-189.6,-1014.7,1632.5,3,PO_left,0.9,10,4,6,149.2,0.5,1989.2,325.4
447,-123.0,-977.1,1451.5,30,PO_left,0.9,8,2,6,166.4,0.4,1644.1,464.7
448,-94.9,-603.8,690.7,56,PO_left,0.9,10,2,8,161.5,0.5,1792.4,346.8
449,-24.0,-751.4,1267.8,51,PO_left,0.9,10,1,8,173.4,0.4,2781.3,467.0
450,-546.9,-1269.4,1053.7,26,PO_left,0.9,7,1,6,158.4,0.4,1779.5,387.5
451,-453.6,-1046.0,1386.8,61,PO_left,0.9,8,4,4,151.9,0.4,1490.0,423.1
452,-456.3,-1132.2,1254.2,53,PO_left,0.9,10,2,8,155.3,0.5,1847.0,338.9
453,-387.2,-1066.6,984.6,55,PO_left,0.9,10,3,7,140.6,0.3,1962.2,456.7
454,-586.2,-1226.6,915.8,21,PO_left,0.9,9,1,8,150.9,0.4,2049.2,386.5
455,-103.3,-896.0,1379.0,0,PO_left,0.9,12,2,10,151.4,0.4,1796.0,371.6
456,-110.7,-1029.2,1684.8,74,PO_left,0.9,11,2,9,122.1,0.3,2349.4,391.5
457,-296.6,-1140.3,1740.7,16,PO_left,0.9,9,3,6,142.8,0.3,2020.6,417.1
458,-107.1,-702.6,777.4,11,PO_left,0.9,10,4,6,189.4,0.5,2462.3,418.9
459,-304.1,-1012.4,1123.4,34,PO_left,0.9,10,1,9,141.5,0.4,2344.8,380.4
460,-133.4,-840.6,1164.4,36,PO_left,0.9,9,1,8,119.9,0.3,1920.1,364.4
461,-233.1,-922.3,880.3,6,PO_left,0.9,12,2,9,133.5,0.4,2572.8,370.6
462,-396.2,-1105.8,1565.6,20,PO_left,0.9,9,1,8,139.4,0.3,1997.1,402.9
463,-88.9,-701.4,674.1,45,PO_left,0.9,9,3,6,152.1,0.4,2528.1,374.7
464,-186.0,-800.4,854.4,46,PO_left,0.9,10,2,7,86.8,0.3,1253.5,318.6
465,-101.8,-827.9,1199.9,36,PO_left,0.9,11,1,9,115.8,0.3,2233.2,402.2
466,-154.7,-814.1,1108.5,36,PO_left,0.9,11,1,10,151.8,0.3,2312.0,434.4
467,-74.3,-911.8,1390.4,58,PO_left,0.9,11,3,8,128.9,0.3,1921.1,371.8
468,-131.9,-909.5,1601.6,3,PO_left,0.9,11,1,10,129.9,0.4,2384.1,360.1
469,-625.7,-1207.4,929.8,65,PO_left,0.9,11,3,8,150.5,0.3,2702.8,446.7
470,-638.9,-1196.5,1266.8,19,PO_left,0.9,10,1,9,216.4,0.5,1560.4,418.8
471,-559.0,-1090.7,851.6,15,PO_left,0.9,9,1,8,140.3,0.3,1814.3,401.4
472,-233.0,-930.1,931.7,6,PO_left,0.9,11,2,9,132.1,0.3,2543.3,434.9
473,-646.9,-1248.0,1384.2,33,PO_left,0.9,7,1,6,102.9,0.3,1559.6,395.7
474,-90.2,-921.3,1425.2,30,PO_left,0.9,10,1,9,111.1,0.3,1783.1,350.0
475,-308.2,-1030.5,1060.1,34,PO_left,0.9,11,4,6,154.5,0.3,2042.9,446.0
476,-107.9,-694.3,579.9,72,PO_left,0.9,6,1,5,164.0,0.5,922.3,315.7
477,-122.3,-897.5,1213.0,13,PO_left,0.9,9,1,8,134.4,0.4,1244.7,337.1
478,-150.8,-945.0,1340.3,37,PO_left,0.9,9,2,7,126.9,0.4,1909.7,350.3
479,-365.4,-1103.7,1681.5,16,PO_left,0.9,9,2,7,116.7,0.4,1397.4,308.0
480,-489.7,-1086.0,1546.6,24,PO_left,0.9,11,2,9,164.9,0.5,1831.9,319.0
481,-451.2,-1154.5,1097.1,22,PO_left,0.9,11,2,8,191.2,0.4,1830.7,452.9
482,-148.6,-981.3,1524.1,5,PO_left,0.9,10,2,8,141.3,0.3,2574.2,442.2
483,-74.4,-757.1,1223.2,51,PO_left,0.9,10,1,9,164.9,0.4,1948.8,429.2
484,-85.8,-661.2,411.0,31,PO_left,0.9,8,3,5,94.2,0.3,1971.0,375.7
485,-560.8,-1111.1,793.4,15,PO_left,0.9,11,3,8,182.9,0.5,1535.5,358.3
486,-173.3,-1028.2,1573.8,5,PO_left,0.9,10,1,9,146.0,0.4,2467.8,410.7
487,-613.8,-1223.1,1440.4,35,PO_left,0.9,10,2,8,141.4,0.4,2157.8,374.5
488,-176.4,-1113.2,1697.9,60,PO_left,0.9,8,3,5,133.6,0.4,1549.5,350.6
489,-154.0,-1010.7,1706.0,74,PO_left,0.9,8,1,7,182.1,0.4,1666.9,410.6
490,-84.8,-686.0,807.7,11,PO_left,0.9,10,1,9,139.0,0.3,1762.5,402.4
491,-495.7,-1167.7,1184.1,8,PO_left,0.9,12,2,10,132.2,0.3,2207.7,382.0
492,-399.9,-1112.8,1152.7,68,PO_left,0.9,9,3,6,166.3,0.4,1684.9,405.6
493,-95.2,-666.0,226.1,9,PO_left,0.9,11,2,9,100.9,0.3,1775.0,305.7
494,-663.8,-1248.0,1383.3,33,PO_left,0.9,9,2,7,126.7,0.3,2458.8,397.5
495,-76.5,-607.5,457.1,31,PO_left,0.9,11,2,9,133.3,0.3,2543.2,433.7
496,-425.9,-1114.1,1142.1,68,PO_left,0.9,10,3,7,86.1,0.3,1390.4,343.0
497,-324.0,-1032.6,1427.1,57,PO_left,0.9,10,1,8,191.1,0.4,2105.1,443.2
498,-556.0,-1288.0,1364.2,2,PO_left,0.9,9,3,6,175.2,0.4,1835.3,441.2
499,-34.4,-933.3,1383.1,58,PO_left,0.9,9,3,6,140.7,0.4,2039.0,390.9
500,-149.0,-791.9,841.4,46,PO_left,0.9,10,1,9,213.7,0.5,1748.9,426.4
501,-100.6,-914.0,1194.6,13,PO_left,0.9,7,1,6,146.1,0.4,1772.0,402.8
502,-624.8,-1253.8,884.7,65,PO_left,0.9,11,3,8,113.7,0.3,2029.6,346.5
503,-47.8,-599.5,707.7,56,PO_left,0.9,9,2,7,157.9,0.4,2710.2,438.8
504,-30.7,-595.1,309.4,31,PO_left,0.9,11,1,10,220.4,0.5,2686.1,411.6
505,-538.9,-1091.0,1089.1,41,PO_left,0.9,9,4,5,130.6,0.4,2085.0,364.7
506,-497.5,-1213.6,1231.0,8,PO_left,0.9,7,3,4,132.1,0.3,1632.5,409.2
507,-163.8,-943.6,1502.9,5,PO_left,0.9,11,2,9,186.4,0.4,2277.0,444.2
508,-581.7,-1185.3,1137.4,47,PO_left,0.9,11,3,8,145.4,0.4,2178.3,397.6
509,-185.9,-964.5,1188.7,52,PO_left,0.9,8,2,6,144.1,0.4,2098.2,382.7
510,-190.5,-1023.3,1556.9,5,PO_left,0.9,10,2,8,116.0,0.3,2482.1,370.8
511,-531.8,-1068.6,878.8,15,PO_left,0.9,12,1,11,179.1,0.4,2585.4,404.1
512,-516.1,-1146.2,1512.3,32,PO_left,0.9,9,1,8,135.9,0.4,2152.5,346.7
513,-276.9,-1098.5,1697.7,64,PO_left,0.9,11,4,7,162.0,0.4,2338.7,387.7
514,-85.2,-848.8,1656.5,27,PO_left,0.9,8,2,6,153.8,0.4,2274.0,387.7
515,-590.4,-1115.0,890.3,15,PO_left,0.9,9,1,8,117.8,0.3,1385.4,452.7
516,-217.3,-1028.8,1492.1,5,PO_left,0.9,9,3,6,142.2,0.3,1953.9,421.6
517,-91.4,-887.9,1343.4,0,PO_left,0.9,11,3,8,211.6,0.5,3307.3,457.4
518,-232.6,-1053.2,1578.6,43,PO_left,0.9,10,2,8,117.4,0.3,1917.3,368.8
519,-164.7,-985.9,1155.2,52,PO_left,0.9,9,2,7,132.1,0.3,1605.2,415.0
520,-345.3,-1091.6,1681.6,16,PO_left,0.9,10,1,9,126.0,0.3,1544.9,396.7
521,-51.5,-853.9,1478.2,29,PO_left,0.9,11,2,9,160.9,0.4,1948.3,395.4
522,-85.3,-638.6,250.3,9,PO_left,0.9,10,1,9,230.0,0.6,1899.5,408.2
523,-399.1,-1098.6,1441.4,61,PO_left,0.9,9,2,7,151.6,0.4,1271.1,384.0
524,-540.1,-1079.5,1086.9,41,PO_left,0.9,11,1,10,164.3,0.4,1996.3,387.1
525,-613.3,-1234.8,968.9,42,PO_left,0.9,10,2,8,171.8,0.4,2896.5,446.2
526,-99.3,-845.2,1125.9,36,PO_left,0.9,8,4,4,110.5,0.5,1459.9,243.7
527,-458.3,-1069.0,1235.7,53,PO_left,0.9,11,4,7,96.0,0.3,1860.5,291.3
528,-568.4,-1185.6,1618.5,70,PO_left,0.9,13,2,11,186.2,0.4,1904.0,420.0
529,-378.5,-1108.7,1047.9,55,PO_left,0.9,10,1,9,224.4,0.5,1410.5,413.2
530,-95.2,-902.7,1561.8,10,PO_left,0.9,10,2,8,154.8,0.4,2515.7,401.2
531,-109.7,-709.3,674.9,45,PO_left,0.9,7,1,6,144.3,0.4,1678.6,401.4
532,-555.8,-1164.1,891.7,15,PO_left,0.9,10,3,7,153.4,0.5,2199.3,318.5
533,-573.7,-1212.7,1385.3,38,PO_left,0.9,9,2,7,128.6,0.3,2034.7,371.4
534,-70.9,-668.2,487.3,54,PO_left,0.9,9,1,8,144.5,0.4,1496.8,359.4
535,-229.1,-1082.1,1686.4,64,PO_left,0.9,9,2,7,131.9,0.3,1948.1,394.3
536,-617.3,-1160.0,1204.3,19,PO_left,0.9,11,3,7,104.0,0.3,2082.5,390.0
537,-596.0,-1256.1,872.1,65,PO_left,0.9,9,2,7,112.8,0.3,2258.5,431.6
538,-95.2,-923.9,1559.5,10,PO_left,0.9,11,2,9,151.9,0.4,1846.7,360.4
539,-134.3,-706.3,812.4,11,PO_left,0.9,9,1,8,105.2,0.3,1245.2,315.1
540,-79.1,-683.4,768.4,11,PO_left,0.9,10,3,6,193.0,0.5,1673.1,408.9
541,-407.7,-1114.2,1358.3,18,PO_left,0.9,12,1,10,188.9,0.5,2339.2,360.2
542,-156.9,-912.8,1276.8,37,PO_left,0.9,11,4,7,146.2,0.3,2850.4,418.4
543,-651.1,-1291.9,969.1,42,PO_left,0.9,10,2,8,137.9,0.4,2060.2,370.3
544,-32.5,-588.1,327.9,31,PO_left,0.9,9,1,8,135.5,0.3,2036.0,413.9
545,-533.4,-1110.5,1586.8,32,PO_left,0.9,11,1,10,152.7,0.4,2497.4,397.3
546,-534.0,-1245.9,1037.4,26,PO_left,0.9,10,2,8,161.6,0.4,2452.0,401.0
547,-681.3,-1229.0,865.0,65,PO_left,0.9,11,2,9,135.2,0.3,2230.4,409.9
548,-586.1,-1265.6,1149.6,26,PO_left,0.9,11,2,9,140.7,0.3,2646.2,409.6
549,-657.5,-1285.7,957.9,42,PO_left,0.9,9,2,7,132.1,0.5,1740.6,286.7
550,-646.7,-1219.5,887.0,65,PO_left,0.9,10,1,9,139.2,0.3,2048.4,440.1
551,-153.9,-966.7,1683.5,3,PO_left,0.9,11,3,8,144.2,0.3,3164.4,479.4
552,-48.9,-572.0,344.8,31,PO_left,0.9,9,4,5,168.2,0.5,2068.3,373.6
553,-632.5,-1173.0,1252.8,19,PO_left,0.9,10,2,8,167.7,0.4,2154.4,422.4
554,-649.7,-1205.7,901.8,65,PO_left,0.9,7,1,6,197.5,0.5,1450.5,401.9
555,-205.9,-764.3,793.4,46,PO_left,0.9,10,1,7,170.6,0.4,1701.5,400.2
556,-118.4,-978.8,1537.8,5,PO_left,0.9,12,1,11,114.6,0.4,1446.2,298.5
557,-418.9,-1037.2,1307.1,53,PO_left,0.9,11,1,10,163.2,0.4,1930.3,437.3
558,-157.8,-881.1,1126.2,17,PO_left,0.9,10,2,8,140.4,0.4,1748.1,375.7
559,-690.5,-1234.6,1194.8,73,PO_left,0.9,10,1,9,149.8,0.4,1580.9,397.1
560,-477.1,-1059.6,1387.1,61,PO_left,0.9,9,2,7,131.5,0.4,1873.4,330.9
561,-78.4,-946.3,1281.7,37,PO_left,0.9,8,2,6,159.2,0.4,1791.1,444.2
562,-149.1,-975.0,1166.6,52,PO_left,0.9,11,3,8,82.8,0.2,2000.2,363.5
563,-258.4,-1014.4,1046.4,34,PO_left,0.9,9,1,8,143.5,0.4,1968.5,399.4
564,-143.8,-929.3,1391.0,30,PO_left,0.9,11,2,9,162.6,0.4,2166.7,411.1
565,-688.2,-1222.9,1302.6,33,PO_left,0.9,10,3,7,196.4,0.4,2619.0,468.7
566,-80.8,-686.9,472.5,54,PO_left,0.9,8,5,3,201.7,0.5,2509.6,423.9
567,-676.4,-1221.6,814.4,7,PO_left,0.9,10,2,8,133.3,0.3,1820.1,388.5
568,-150.4,-842.9,895.6,6,PO_left,0.9,8,2,6,149.3,0.5,1735.9,273.6
569,-233.7,-1066.0,1528.8,43,PO_left,0.9,8,2,6,146.6,0.3,1280.6,419.1
570,-693.4,-1233.2,1396.4,33,PO_left,0.9,10,2,8,159.1,0.4,1955.7,402.9
571,-621.4,-1277.5,1080.2,26,PO_left,0.9,10,3,7,155.5,0.4,2230.3,393.6
572,-45.1,-810.2,1310.0,51,PO_left,0.9,10,1,9,167.0,0.5,1533.0,319.8
573,-77.4,-589.1,194.4,9,PO_left,0.9,10,1,9,110.1,0.3,1549.8,323.3
574,-478.9,-1183.2,1133.7,8,PO_left,0.9,11,2,9,153.4,0.4,2469.6,398.7
575,-44.7,-794.0,1110.2,12,PO_left,0.9,12,3,9,160.0,0.5,1706.6,325.9
576,-127.7,-810.9,1174.6,36,PO_left,0.9,9,1,8,131.2,0.3,2332.7,404.9
577,-595.0,-1109.3,1276.8,19,PO_left,0.9,7,2,5,142.9,0.4,1453.3,336.6
578,-256.5,-1097.2,1666.1,64,PO_left,0.9,9,1,8,107.3,0.3,1830.4,391.0
579,-104.8,-1083.7,1732.4,74,PO_left,0.9,7,3,4,173.0,0.5,1771.0,354.9
580,-618.2,-1193.1,1436.1,35,PO_left,0.9,10,1,9,225.4,0.5,1571.8,438.9
581,-290.1,-1002.8,1004.2,34,PO_left,0.9,10,4,5,169.3,0.4,2516.1,405.7
582,-149.7,-727.6,951.1,67,PO_left,0.9,10,2,8,165.2,0.4,2866.9,417.8
583,-37.7,-829.0,1152.9,36,PO_left,0.9,12,2,10,122.9,0.3,2837.9,448.1
584,-125.7,-882.0,1283.0,37,PO_left,0.9,11,1,10,146.8,0.3,2630.0,447.9
585,-65.3,-959.1,1698.4,14,PO_left,0.9,8,2,6,116.5,0.3,1947.6,447.6
586,-531.0,-1147.6,1078.7,22,PO_left,0.9,7,1,6,155.5,0.5,1229.7,297.3
587,-371.6,-1121.8,1372.2,18,PO_left,0.9,12,2,10,184.9,0.4,2592.1,449.1
588,-53.5,-918.9,1353.5,58,PO_left,0.9,11,1,10,167.9,0.4,2119.7,395.0
589,-267.1,-981.4,1010.1,59,PO_left,0.9,11,1,9,205.7,0.6,1657.4,362.5
590,-15.7,-557.5,508.1,1,PO_left,0.9,10,2,8,202.0,0.4,2967.1,449.3
591,-119.8,-684.5,839.7,11,PO_left,0.9,12,2,10,156.1,0.4,2753.4,364.5
592,-212.1,-870.8,895.4,6,PO_left,0.9,10,3,7,154.5,0.4,2122.1,391.0
593,-111.8,-834.2,1011.7,71,PO_left,0.9,12,4,8,148.2,0.4,2404.6,392.9
594,-40.4,-852.3,1641.4,27,PO_left,0.9,11,1,10,166.8,0.5,2297.7,337.9
595,-609.1,-1264.0,1075.7,26,PO_left,0.9,10,1,9,185.7,0.4,2368.8,461.6
596,-357.3,-1033.8,1386.1,57,PO_left,0.9,12,1,11,93.4,0.3,1147.3,295.2
597,-139.6,-1085.0,1709.2,60,PO_left,0.9,10,4,6,116.4,0.4,2156.1,324.1
598,-147.3,-931.2,1260.9,37,PO_left,0.9,10,1,9,125.8,0.4,2129.2,340.1
599,-701.0,-1249.2,1243.4,73,PO_left,0.9,11,2,9,141.9,0.4,2345.7,349.6
600,-134.3,-895.3,1370.8,0,PO_left,0.9,9,2,7,166.5,0.4,2221.7,373.9
601,-375.1,-1142.4,1669.2,16,PO_left,0.9,9,1,8,161.2,0.4,2542.4,422.7
602,-584.9,-1096.7,1452.4,35,PO_left,0.9,10,1,9,104.5,0.3,2052.8,395.2
603,-557.2,-1104.3,1099.8,41,PO_left,0.9,9,1,8,185.0,0.5,1866.4,407.0
604,-170.8,-942.7,1255.8,37,PO_left,0.9,11,2,9,187.1,0.4,3178.6,427.6
605,-112.0,-989.2,1347.6,30,PO_left,0.9,11,3,8,107.2,0.4,1589.1,292.1
606,-570.0,-1251.0,841.1,65,PO_left,0.9,9,2,7,179.3,0.5,1864.4,378.7
607,-126.1,-745.0,928.0,67,PO_left,0.9,11,3,7,161.3,0.4,2607.5,410.1
608,-508.7,-1079.7,1195.5,66,PO_left,0.9,10,4,6,126.9,0.3,2812.3,419.3
609,-625.4,-1154.4,1219.6,19,PO_left,0.9,11,2,9,145.3,0.3,2431.6,429.0
610,-515.2,-1070.7,1279.0,66,PO_left,0.9,10,4,6,164.1,0.4,2067.9,434.9
611,-94.5,-653.2,409.3,31,PO_left,0.9,10,3,7,129.1,0.4,2340.1,353.2
612,-353.6,-1073.8,1302.0,18,PO_left,0.9,11,3,8,143.2,0.3,2166.4,414.0
613,-501.9,-1065.6,891.9,15,PO_left,0.9,9,1,7,143.8,0.4,1538.7,345.0
614,-519.1,-1083.3,1424.7,61,PO_left,0.9,9,1,8,192.3,0.5,1648.2,375.6
615,-612.6,-1125.8,1142.5,47,PO_left,0.9,9,1,8,166.0,0.4,2518.6,438.3
616,-166.2,-984.2,1513.7,5,PO_left,0.9,10,1,8,163.8,0.5,2120.0,345.8
617,-310.5,-1024.0,1211.8,63,PO_left,0.9,13,1,12,134.4,0.3,2935.5,392.6
618,-59.0,-911.6,1373.5,58,PO_left,0.9,9,1,8,146.9,0.4,1631.7,341.4
619,-710.8,-1220.0,974.9,48,PO_left,0.9,7,2,5,148.9,0.4,1510.6,356.1
620,-405.1,-1064.2,894.3,15,PO_left,0.9,11,3,8,163.0,0.5,1634.3,332.0
621,-390.0,-1138.2,1624.5,20,PO_left,0.9,12,6,6,97.7,0.2,2495.2,420.5
622,-181.9,-878.3,1030.8,28,PO_left,0.9,11,2,9,116.4,0.3,2774.8,449.9
623,-650.7,-1204.5,1385.7,33,PO_left,0.9,9,3,6,155.6,0.4,1709.9,396.3
624,-84.6,-951.0,1432.2,30,PO_left,0.9,11,2,9,186.1,0.4,2469.6,416.3
625,-310.1,-1099.1,1333.3,18,PO_left,0.9,9,2,7,149.2,0.4,2235.2,402.7
626,-577.1,-1238.9,1000.3,42,PO_left,0.9,12,3,9,149.9,0.4,3125.0,422.8
627,-126.5,-1058.2,1731.2,74,PO_left,0.9,9,4,5,127.4,0.4,1359.5,353.4
628,-136.2,-1002.9,1718.0,74,PO_left,0.9,11,4,7,159.3,0.4,2872.4,387.8
629,-58.0,-622.3,655.0,56,PO_left,0.9,11,2,9,180.7,0.5,2872.9,396.9
630,-445.4,-1135.5,1218.9,8,PO_left,0.9,10,3,7,135.5,0.4,1757.8,361.7
631,-88.3,-595.5,660.6,56,PO_left,0.9,10,1,9,157.2,0.4,2759.8,396.2
632,-146.6,-997.4,1413.9,30,PO_left,0.9,9,3,6,109.5,0.4,1330.1,301.3
633,-118.3,-1000.4,1731.2,74,PO_left,0.9,9,2,7,161.4,0.4,2323.2,407.0
634,-185.0,-998.8,1160.0,52,PO_left,0.9,11,1,10,146.1,0.3,2038.7,457.8
635,-107.8,-857.4,1122.8,36,PO_left,0.9,11,4,7,143.6,0.4,2610.1,399.1
636,-666.0,-1235.7,1103.0,40,PO_left,0.9,13,3,10,171.3,0.4,2951.8,417.9
637,-67.5,-897.5,1634.2,27,PO_left,0.9,11,3,8,170.5,0.4,2669.0,423.8
638,-617.1,-1251.9,1051.9,42,PO_left,0.9,7,1,6,150.7,0.3,1791.5,455.3
639,-530.6,-1082.0,1125.2,41,PO_left,0.9,8,4,4,137.1,0.4,2069.4,378.4
640,-563.4,-1093.5,875.4,15,PO_left,0.9,13,1,12,165.1,0.4,3363.8,427.7
641,-542.8,-1134.6,1197.1,47,PO_left,0.9,10,3,7,158.9,0.4,1990.6,392.5
642,-565.5,-1189.9,1106.0,26,PO_left,0.9,13,4,9,135.3,0.4,2519.9,384.9
643,-90.0,-818.0,1003.5,71,PO_left,0.9,8,3,5,137.7,0.3,1632.0,412.2
644,-24.9,-619.5,534.6,1,PO_left,0.9,11,2,9,162.4,0.4,2311.3,402.7
645,-608.9,-1154.3,1248.1,19,PO_left,0.9,10,1,9,141.1,0.4,2021.1,342.9
646,-211.2,-960.0,1023.0,59,PO_left,0.9,9,1,8,139.0,0.3,1561.1,465.1
647,-630.0,-1170.6,1279.6,19,PO_left,0.9,12,4,8,169.2,0.4,2770.0,435.1
648,-560.6,-1197.1,1609.1,70,PO_left,0.9,11,4,7,121.6,0.3,2273.2,380.5
649,-203.3,-1076.2,1668.2,60,PO_left,0.9,9,1,8,102.0,0.3,1481.3,327.8
650,-496.1,-1168.8,1662.6,70,PO_left,0.9,10,1,9,195.9,0.4,2608.9,440.8
651,-478.8,-1061.3,1141.0,41,PO_left,0.9,11,1,10,136.2,0.3,3052.3,412.0
652,-573.9,-1089.3,1063.1,69,PO_left,0.9,12,2,10,167.4,0.5,2406.8,341.3
653,-486.6,-1047.0,1440.2,61,PO_left,0.9,10,1,9,181.3,0.4,2625.0,436.5
654,-66.6,-635.1,667.4,56,PO_left,0.9,10,1,9,153.4,0.4,1678.6,363.0
655,-45.5,-910.5,1618.0,27,PO_left,0.9,10,2,8,123.7,0.3,2257.5,396.4
656,-436.3,-1039.3,1438.4,61,PO_left,0.9,10,3,7,180.7,0.4,2584.9,406.9
657,-373.7,-1068.9,1216.5,68,PO_left,0.9,7,2,5,118.6,0.3,936.7,364.5
658,-117.1,-649.0,665.4,45,PO_left,0.9,11,2,9,139.0,0.3,2620.6,437.5
659,-289.3,-1117.7,1686.7,64,PO_left,0.9,7,1,6,108.3,0.3,1453.9,396.5
660,-69.6,-657.4,643.2,45,PO_left,0.9,7,3,4,143.6,0.4,1468.0,339.3
661,-29.8,-663.6,490.3,54,PO_left,0.9,10,1,8,140.5,0.4,1842.6,396.4
662,-473.7,-1218.2,1325.7,62,PO_left,0.9,11,4,7,130.6,0.3,2659.5,409.6
663,-313.9,-1090.1,1421.6,57,PO_left,0.9,10,1,9,95.1,0.3,1509.1,295.0
664,-477.9,-1128.8,1249.2,66,PO_left,0.9,6,2,4,107.9,0.2,1535.2,440.3
665,-219.8,-985.5,1230.0,52,PO_left,0.9,8,2,6,89.4,0.3,1446.1,290.6
666,-392.8,-1120.6,1053.4,55,PO_left,0.9,12,3,9,135.5,0.4,2474.9,362.5
667,-268.3,-1007.5,1185.3,52,PO_left,0.9,10,1,9,128.8,0.3,2222.0,411.7
668,-479.6,-1193.9,1349.8,62,PO_left,0.9,6,1,5,123.0,0.3,1545.8,387.3
669,-48.3,-627.2,561.4,50,PO_left,0.9,8,4,4,147.4,0.3,1951.8,428.8
670,-194.3,-933.3,1040.8,59,PO_left,0.9,12,4,8,149.5,0.4,2926.8,423.3
671,-177.1,-1021.0,1468.0,5,PO_left,0.9,9,2,7,155.6,0.4,1926.6,378.6
672,-356.2,-1053.6,1106.6,55,PO_left,0.9,9,2,7,167.9,0.4,2019.7,374.0
673,-668.4,-1201.9,1376.2,33,PO_left,0.9,10,2,8,165.2,0.4,1704.4,372.8
674,-540.2,-1223.3,1429.6,2,PO_left,0.9,11,1,10,148.7,0.3,2019.4,444.1
675,-55.0,-837.0,1445.2,29,PO_left,0.9,8,3,5,167.6,0.4,2007.4,373.0
676,-191.7,-875.4,888.6,6,PO_left,0.9,9,2,7,140.2,0.3,2494.9,439.6
677,-331.4,-1051.9,1058.8,55,PO_left,0.9,10,5,5,183.3,0.5,1690.2,360.4
678,-76.7,-820.6,1263.6,51,PO_left,0.9,7,2,5,134.0,0.3,1474.7,412.1
679,-487.5,-1065.3,1127.4,41,PO_left,0.9,8,2,6,141.8,0.4,1555.7,318.9
680,-112.0,-967.5,1603.0,10,PO_left,0.9,8,2,6,144.0,0.4,1544.6,367.9
681,-178.3,-844.0,880.0,6,PO_left,0.9,9,2,7,131.7,0.3,2481.2,437.2
682,-91.8,-921.5,1197.8,13,PO_left,0.9,8,2,6,170.3,0.4,2133.4,411.3
683,-88.3,-998.3,1594.6,10,PO_left,0.9,13,4,9,156.0,0.4,2565.8,362.4
684,-270.3,-1124.6,1730.2,64,PO_left,0.9,9,2,7,166.4,0.4,2375.5,441.6
685,-518.8,-1180.6,978.8,21,PO_left,0.9,11,3,8,109.3,0.3,1328.2,316.6
686,-502.7,-1218.4,1319.2,62,PO_left,0.9,11,3,8,141.4,0.4,2858.9,340.8
687,-164.1,-985.1,1615.6,3,PO_left,0.9,9,1,8,135.9,0.3,1878.3,388.6
688,-498.9,-1197.4,1360.1,62,PO_left,0.9,9,4,5,136.5,0.4,1991.3,336.1
689,-57.8,-881.8,1681.2,27,PO_left,0.9,8,4,4,154.7,0.4,1646.7,410.1
690,-135.7,-830.9,1163.9,36,PO_left,0.9,8,3,5,98.4,0.3,1220.3,366.7
691,-460.2,-1147.7,1061.9,22,PO_left,0.9,11,2,9,209.4,0.5,2522.4,447.3
692,-104.2,-624.4,622.2,72,PO_left,0.9,10,1,9,119.5,0.3,1666.2,350.5
693,-126.6,-940.4,1702.9,3,PO_left,0.9,11,1,10,170.5,0.4,2658.8,416.5
694,-484.8,-1180.9,1022.4,22,PO_left,0.9,11,3,8,188.2,0.4,2303.6,429.8
695,-111.8,-711.9,587.0,72,PO_left,0.9,10,2,8,165.6,0.4,2535.7,433.8
696,-96.4,-666.1,603.0,72,PO_left,0.9,7,3,3,144.2,0.3,1638.4,414.3
697,-82.9,-642.9,199.3,9,PO_left,0.9,11,2,9,100.8,0.3,2169.6,388.3
698,-78.1,-659.5,591.7,72,PO_left,0.9,6,2,4,128.0,0.4,1150.0,316.0
699,-93.3,-632.7,807.0,11,PO_left,0.9,10,3,6,198.1,0.5,1744.9,375.3
700,-373.1,-1124.6,1545.2,20,PO_left,0.9,9,2,6,150.2,0.4,1917.0,391.1
701,-104.5,-810.3,1078.1,12,PO_left,0.9,11,2,9,154.2,0.4,2405.5,416.5
702,-503.7,-1114.6,1123.7,41,PO_left,0.9,10,3,7,116.1,0.4,1492.2,293.0
703,-252.9,-1059.0,1329.5,25,PO_left,0.9,8,3,5,195.9,0.5,2022.3,423.9
704,-102.1,-1028.1,1683.6,74,PO_left,0.9,11,3,7,202.9,0.5,2672.9,437.7
705,-577.1,-1271.2,1422.8,2,PO_left,0.9,11,3,8,162.3,0.4,2030.6,438.7
706,-184.5,-807.3,950.8,67,PO_left,0.9,11,1,10,135.6,0.4,2236.3,380.9
707,-95.1,-799.4,1197.1,51,PO_left,0.9,11,1,10,163.3,0.5,1601.6,354.7
708,-166.4,-1006.8,1737.1,74,PO_left,0.9,10,1,9,137.5,0.3,2039.9,475.3
709,-193.3,-971.5,1309.0,37,PO_left,0.9,12,1,11,160.1,0.4,2554.6,424.6
710,-675.0,-1231.8,1227.4,73,PO_left,0.9,13,3,9,160.1,0.4,2753.5,414.1
711,-40.1,-611.9,365.0,31,PO_left,0.9,11,3,7,197.9,0.5,2225.7,370.8
712,-190.9,-896.2,1018.9,28,PO_left,0.9,11,4,7,138.4,0.3,3088.1,450.2
713,-302.8,-1063.6,1287.7,63,PO_left,0.9,11,1,10,155.3,0.4,2759.6,434.6
714,-413.7,-1127.3,1021.0,55,PO_left,0.9,6,2,4,159.1,0.4,1660.4,419.7
715,-634.7,-1236.3,1532.7,39,PO_left,0.9,12,1,11,144.5,0.4,2055.6,393.5
716,-274.9,-1048.8,1255.8,63,PO_left,0.9,8,3,5,108.7,0.3,1420.4,360.7
717,-233.4,-1077.3,1730.5,64,PO_left,0.9,9,3,6,141.1,0.4,2462.8,358.6
718,-654.8,-1190.7,935.9,4,PO_left,0.9,9,3,6,108.2,0.3,1670.5,332.6
719,-459.8,-1047.4,1150.1,41,PO_left,0.9,11,3,8,126.0,0.3,1786.2,365.6
720,-493.5,-1084.2,1081.7,41,PO_left,0.9,11,2,8,147.2,0.4,1914.9,343.8
721,-388.0,-1030.8,1196.2,68,PO_left,0.9,9,3,6,156.6,0.4,1916.5,351.3
722,-639.7,-1130.2,1297.4,19,PO_left,0.9,9,1,7,181.2,0.4,1732.3,425.1
723,-43.8,-942.0,1404.3,58,PO_left,0.9,8,2,6,95.9,0.2,1607.8,386.7
724,-479.4,-1059.6,1270.5,53,PO_left,0.9,7,1,6,151.4,0.4,1393.0,366.6
725,-133.0,-923.8,1627.7,3,PO_left,0.9,9,3,6,150.7,0.4,2253.7,413.2
726,-522.9,-1079.3,1478.7,24,PO_left,0.9,10,1,9,143.1,0.4,1862.8,349.9
727,-182.7,-1054.0,1734.1,60,PO_left,0.9,10,3,7,124.2,0.4,1653.9,278.1
728,-215.7,-1007.5,1155.3,52,PO_left,0.9,9,1,8,154.2,0.4,2075.3,418.0
729,-575.6,-1155.5,790.4,7,PO_left,0.9,8,1,7,168.7,0.4,1788.8,382.3
730,-107.9,-1003.9,1708.4,74,PO_left,0.9,11,3,8,145.9,0.4,1594.4,347.0
731,-51.7,-779.5,1197.3,51,PO_left,0.9,10,2,8,219.1,0.5,2409.9,426.6
732,-164.7,-975.3,1710.0,74,PO_left,0.9,8,3,5,104.0,0.2,1842.7,422.6
733,-61.9,-635.3,592.9,50,PO_left,0.9,10,2,8,180.1,0.4,2651.4,425.8
734,-661.8,-1198.1,832.9,7,PO_left,0.9,9,4,4,101.4,0.3,1934.0,309.1
735,-49.9,-907.6,1410.6,58,PO_left,0.9,8,1,7,209.6,0.5,2166.3,450.4
736,-47.3,-636.3,632.4,50,PO_left,0.9,9,2,7,140.9,0.4,2332.6,395.3
737,-488.5,-1201.3,1081.3,22,PO_left,0.9,6,2,4,181.3,0.4,1536.0,428.1
738,-151.6,-967.6,1513.0,5,PO_left,0.9,9,1,8,193.3,0.4,1977.0,452.0
739,-597.0,-1143.6,926.4,15,PO_left,0.9,8,2,6,163.9,0.4,1613.8,428.3
740,-444.3,-1071.7,1235.1,53,PO_left,0.9,10,2,8,160.7,0.4,2171.2,397.5
741,-559.4,-1155.6,856.5,15,PO_left,0.9,8,3,5,120.0,0.5,755.4,228.4
742,-374.4,-1087.7,1442.1,57,PO_left,0.9,9,2,7,159.5,0.4,2385.1,430.3
743,-46.4,-845.4,1469.3,29,PO_left,0.9,8,2,6,242.3,0.5,2198.8,452.0
744,-645.2,-1166.1,1328.9,38,PO_left,0.9,13,2,11,214.2,0.5,2509.8,421.4
745,-59.7,-667.7,227.0,9,PO_left,0.9,9,2,7,122.3,0.5,1243.5,257.4
746,-118.9,-973.3,1316.3,37,PO_left,0.9,10,1,9,141.1,0.3,2126.0,427.0
747,-98.4,-661.6,559.6,72,PO_left,0.9,12,2,10,154.1,0.4,2520.4,379.1
748,-83.4,-603.7,564.2,50,PO_left,0.9,13,2,11,114.6,0.3,2608.3,356.0
749,-441.2,-1154.7,1136.8,8,PO_left,0.9,10,2,8,201.1,0.5,3076.4,383.5
750,-177.6,-942.8,1295.6,37,PO_left,0.9,11,1,10,139.1,0.4,2627.6,359.9
751,-569.4,-1127.6,1169.6,47,PO_left,0.9,11,4,7,138.3,0.3,2929.9,490.0
752,-272.7,-1016.2,1056.5,34,PO_left,0.9,9,1,8,155.5,0.4,1578.7,436.8
753,-384.4,-1074.6,1464.6,57,PO_left,0.9,9,3,5,143.5,0.5,1201.0,313.2
754,-436.8,-1141.5,1402.4,61,PO_left,0.9,10,3,7,201.8,0.5,2571.1,403.5
755,-509.7,-1163.8,1415.9,62,PO_left,0.9,11,3,8,144.8,0.4,2035.2,369.4
756,-652.0,-1274.3,1027.2,42,PO_left,0.9,12,2,10,152.8,0.3,2671.3,446.8
757,-539.5,-1124.0,903.7,15,PO_left,0.9,9,2,7,137.5,0.4,1597.8,330.4
758,-577.2,-1179.6,873.1,65,PO_left,0.9,10,1,9,215.6,0.5,2489.5,466.2
759,-104.8,-861.8,1386.5,0,PO_left,0.9,8,3,5,162.8,0.4,1819.2,372.6
760,-120.9,-868.4,1321.3,0,PO_left,0.9,8,3,5,137.0,0.4,1422.6,377.7
761,-641.8,-1140.6,1296.1,19,PO_left,0.9,10,1,9,189.3,0.4,2359.2,461.7
762,-86.4,-660.6,895.4,23,PO_left,0.9,11,2,9,157.6,0.4,1896.3,360.9
763,-469.2,-1141.9,1178.6,8,PO_left,0.9,7,1,6,170.4,0.5,1932.7,373.6
764,-36.6,-859.1,1366.9,58,PO_left,0.9,11,3,8,160.1,0.4,2524.1,373.8
765,-532.4,-1208.4,1080.5,26,PO_left,0.9,10,4,6,170.5,0.4,2992.0,454.6
766,-233.5,-1019.9,1351.3,25,PO_left,0.9,10,1,9,166.2,0.4,2173.0,456.4
767,-554.1,-1075.2,1064.9,69,PO_left,0.9,10,1,9,126.4,0.4,1779.9,336.2
768,-181.6,-778.4,918.4,67,PO_left,0.9,9,2,7,174.7,0.4,2160.9,423.7
769,-525.7,-1104.9,1253.1,66,PO_left,0.9,9,3,6,134.4,0.4,1786.0,351.4
770,-511.7,-1102.9,1218.0,66,PO_left,0.9,13,2,11,146.2,0.4,2579.0,375.1
771,-64.2,-670.7,210.3,9,PO_left,0.9,10,3,7,150.8,0.4,2368.2,429.6
772,-530.6,-1122.8,1294.0,66,PO_left,0.9,11,2,9,185.0,0.4,3104.8,446.1
773,-21.5,-558.5,516.8,1,PO_left,0.9,8,3,5,191.4,0.5,2085.8,409.6
774,-224.3,-1063.9,1639.3,64,PO_left,0.9,10,2,8,97.0,0.3,1865.8,341.2
775,-81.4,-610.5,205.6,9,PO_left,0.9,13,1,12,148.1,0.4,1690.6,389.6
776,-245.2,-1092.8,1638.5,64,PO_left,0.9,10,2,8,166.3,0.5,2287.2,365.3
777,-564.7,-1128.3,1429.0,35,PO_left,0.9,11,2,9,193.5,0.5,1958.1,423.6
778,-594.6,-1224.8,1522.6,39,PO_left,0.9,10,2,8,125.3,0.5,1592.9,246.0
779,-400.8,-1122.9,1262.5,53,PO_left,0.9,8,1,7,91.3,0.3,1129.1,307.8
780,-65.0,-812.7,1156.2,36,PO_left,0.9,11,1,10,109.8,0.3,1960.9,350.0
781,-244.2,-1009.8,1079.2,34,PO_left,0.9,8,2,6,200.3,0.5,1585.7,374.7
782,-663.3,-1251.3,853.0,65,PO_left,0.9,10,4,6,165.0,0.5,2337.3,351.5
783,-74.5,-618.0,568.1,50,PO_left,0.9,8,1,7,109.4,0.3,1765.8,407.2
784,-28.5,-593.8,551.2,1,PO_left,0.9,12,2,10,186.2,0.4,2926.0,433.2
785,-525.4,-1116.6,1213.7,66,PO_left,0.9,12,1,11,140.7,0.4,2861.9,379.7
786,-93.6,-647.1,413.6,31,PO_left,0.9,11,3,8,187.1,0.5,3073.8,412.4
787,-58.3,-1028.8,1683.4,14,PO_left,0.9,11,4,7,165.8,0.4,2583.6,445.9
788,-125.9,-816.5,908.8,67,PO_left,0.9,10,2,8,175.3,0.4,1579.0,391.2
789,-491.9,-1134.1,1523.0,24,PO_left,0.9,9,3,6,174.3,0.5,2050.3,376.0
790,-471.8,-1134.9,948.3,15,PO_left,0.9,11,1,9,118.6,0.3,1821.0,438.4
791,-481.5,-1103.4,1607.0,20,PO_left,0.9,11,3,8,185.9,0.4,2855.3,459.5
792,-512.6,-1115.7,900.6,15,PO_left,0.9,10,2,8,150.9,0.4,2047.4,429.5
793,-704.9,-1215.8,1304.6,33,PO_left,0.9,9,2,7,202.9,0.5,2116.1,440.4
794,-57.7,-903.5,1235.0,13,PO_left,0.9,11,2,9,202.2,0.4,3270.4,482.1
795,-60.5,-699.6,951.8,23,PO_left,0.9,11,3,8,142.7,0.4,2047.8,364.9
796,-653.8,-1166.5,1203.7,19,PO_left,0.9,11,1,10,181.6,0.4,2218.8,431.5
797,-118.6,-876.8,1444.4,29,PO_left,0.9,10,2,8,165.6,0.4,2178.2,415.3
798,-33.7,-575.7,512.1,1,PO_left,0.9,11,3,7,125.2,0.4,2143.1,326.8
799,-153.8,-924.9,1314.2,37,PO_left,0.9,7,3,4,128.1,0.4,2086.0,354.0
800,-439.6,-1055.5,1479.2,61,PO_left,0.9,7,1,5,118.3,0.4,1023.8,302.7
801,-110.8,-696.0,517.2,54,PO_left,0.9,9,2,7,161.9,0.4,1640.6,415.9
802,-62.9,-872.7,1130.8,36,PO_left,0.9,9,3,6,154.6,0.4,2138.0,366.7
803,-32.4,-915.9,1696.8,27,PO_left,0.9,8,1,7,188.1,0.5,1928.0,411.8
804,-545.6,-1258.2,955.8,21,PO_left,0.9,11,1,10,161.3,0.4,2328.2,446.5
805,-608.3,-1198.1,1358.7,38,PO_left,0.9,10,2,8,131.0,0.4,1908.5,365.5
806,-117.5,-828.5,1233.2,51,PO_left,0.9,11,1,9,119.6,0.3,1330.9,352.5
807,-70.3,-587.7,545.2,1,PO_left,0.9,11,1,10,150.3,0.4,2305.7,385.9
808,-219.9,-879.4,868.8,6,PO_left,0.9,9,2,6,128.4,0.3,1808.4,464.1
809,-27.4,-597.1,500.4,1,PO_left,0.9,8,1,7,200.0,0.5,1595.3,388.5
810,-161.7,-841.0,971.1,28,PO_left,0.9,7,1,6,170.6,0.5,1948.1,367.5
811,-595.8,-1279.4,1113.0,26,PO_left,0.9,9,2,7,205.9,0.5,1924.2,393.3
812,-251.9,-1073.9,1684.9,64,PO_left,0.9,10,2,8,113.3,0.3,2191.5,430.6
813,-520.0,-1125.6,875.7,15,PO_left,0.9,8,2,5,143.3,0.4,1462.7,332.2
814,-628.4,-1192.8,1210.3,19,PO_left,0.9,12,5,7,149.5,0.5,2351.0,320.6
815,-508.1,-1106.7,898.2,15,PO_left,0.9,8,2,6,157.2,0.4,1727.4,412.4
816,-523.5,-1237.4,915.6,21,PO_left,0.9,11,1,10,164.7,0.4,2181.7,462.9
817,-700.0,-1230.4,1325.5,33,PO_left,0.9,9,1,8,199.6,0.5,2471.6,421.8
818,-362.0,-1088.6,1203.2,68,PO_left,0.9,8,4,4,126.8,0.4,1951.2,345.3
819,-565.4,-1255.9,1058.6,26,PO_left,0.9,10,1,8,194.2,0.4,1939.3,436.6
820,-444.9,-1042.9,1370.7,61,PO_left,0.9,10,1,9,182.8,0.4,1694.8,420.8
821,-69.2,-864.3,1145.4,36,PO_left,0.9,9,1,6,156.9,0.4,1397.1,405.4
822,-173.7,-989.5,1266.1,37,PO_left,0.9,10,4,6,162.4,0.4,2454.1,435.3
823,-517.0,-1174.9,1182.2,8,PO_left,0.9,9,2,7,175.0,0.5,1992.2,361.4
824,-94.5,-670.9,789.9,11,PO_left,0.9,11,3,8,152.7,0.4,2164.2,366.4
825,-188.1,-1058.0,1479.2,5,PO_left,0.9,11,2,9,142.8,0.4,2364.9,386.9
826,-643.4,-1175.9,1309.2,19,PO_left,0.9,11,2,9,127.7,0.3,1976.3,406.3
827,-399.8,-1149.2,1332.2,18,PO_left,0.9,9,3,6,140.7,0.4,1902.1,400.2
828,-258.6,-1001.7,1249.5,63,PO_left,0.9,8,2,6,109.7,0.3,1223.9,347.0
829,-112.8,-1055.6,1697.2,74,PO_left,0.9,10,3,7,160.7,0.4,2139.5,411.2
830,-46.7,-954.6,1397.6,58,PO_left,0.9,9,1,8,114.8,0.3,1813.0,438.3
831,-321.4,-1081.5,1662.9,16,PO_left,0.9,11,3,8,107.6,0.3,2090.2,388.0
832,-200.3,-1070.2,1745.6,60,PO_left,0.9,10,1,9,113.2,0.3,1746.1,332.2
833,-327.5,-1049.8,1431.9,57,PO_left,0.9,9,2,7,166.0,0.4,1799.3,391.6
834,-483.9,-1161.3,1374.6,62,PO_left,0.9,10,1,9,130.0,0.4,1443.5,369.7
835,-549.8,-1232.5,1177.0,26,PO_left,0.9,12,1,11,117.4,0.3,2079.6,339.3
836,-90.6,-948.1,1691.8,14,PO_left,0.9,11,2,9,176.5,0.4,2368.9,416.4
837,-386.2,-1101.7,1182.0,68,PO_left,0.9,4,1,3,153.2,0.5,761.7,327.4
838,-466.3,-1103.6,1369.9,61,PO_left,0.9,7,1,6,123.1,0.3,1447.2,402.6
839,-368.5,-1101.6,1289.5,18,PO_left,0.9,9,2,7,129.1,0.3,1743.6,373.9
840,-122.7,-1030.1,1703.5,74,PO_left,0.9,9,2,7,133.2,0.3,2204.9,391.8
841,-502.7,-1271.4,1374.2,2,PO_left,0.9,10,1,9,125.4,0.3,1166.4,367.4
842,-217.4,-855.9,878.4,6,PO_left,0.9,10,3,6,180.9,0.5,2284.9,387.5
843,-121.3,-925.4,1487.2,29,PO_left,0.9,11,3,8,110.3,0.3,1916.6,324.8
844,-41.6,-895.5,1490.5,29,PO_left,0.9,11,2,9,165.6,0.4,2139.6,384.2
845,-665.2,-1196.2,1372.3,33,PO_left,0.9,9,1,7,141.9,0.4,1825.8,397.7
846,-106.0,-853.2,1350.5,0,PO_left,0.9,11,1,9,131.2,0.4,1930.3,365.7
847,-51.0,-654.5,754.7,11,PO_left,0.9,10,2,8,169.1,0.4,1892.2,376.9
848,-727.5,-1238.1,992.0,48,PO_left,0.9,9,1,8,151.6,0.5,1710.4,332.4
849,-602.8,-1233.7,906.4,65,PO_left,0.9,8,3,5,95.8,0.2,1961.2,428.6
850,-103.9,-920.4,1368.5,58,PO_left,0.9,7,3,4,176.4,0.4,1915.1,397.2
851,-311.9,-1063.6,1414.6,57,PO_left,0.9,9,3,6,101.2,0.2,2135.7,417.4
852,-303.6,-1071.3,1460.0,57,PO_left,0.9,12,2,10,135.4,0.4,2268.7,319.2
853,-381.9,-1117.3,1079.4,55,PO_left,0.9,10,2,8,158.8,0.4,2168.2,368.0
854,-353.1,-1050.2,1089.3,55,PO_left,0.9,9,2,7,156.4,0.5,2011.4,346.5
855,-436.9,-1140.8,1525.2,24,PO_left,0.9,9,1,8,158.9,0.4,1915.5,408.5
856,-599.7,-1270.8,1357.2,2,PO_left,0.9,12,2,10,153.9,0.4,2711.4,416.5
857,-165.4,-823.2,1055.2,71,PO_left,0.9,10,1,9,157.4,0.4,2377.3,401.8
858,-29.6,-667.2,713.7,56,PO_left,0.9,10,1,9,142.9,0.4,1611.9,394.1
859,-594.1,-1156.0,1370.2,38,PO_left,0.9,9,3,6,196.5,0.5,1702.5,401.8
860,-424.2,-1039.3,1103.7,55,PO_left,0.9,11,4,6,158.8,0.4,2069.7,411.6
861,-343.0,-1019.1,1329.3,18,PO_left,0.9,11,2,8,167.3,0.5,1368.0,313.2
862,-125.1,-859.3,1599.6,27,PO_left,0.9,12,2,10,153.5,0.4,2650.1,381.8
863,-588.1,-1195.2,1535.6,39,PO_left,0.9,8,1,7,111.4,0.3,1523.8,333.8
864,-520.1,-1153.4,1516.7,32,PO_left,0.9,10,1,9,128.6,0.4,1910.3,358.7
865,-254.5,-961.5,929.2,59,PO_left,0.9,9,5,4,134.6,0.3,2745.5,407.7
866,-468.5,-1176.3,1170.3,8,PO_left,0.9,9,1,8,137.8,0.3,1734.6,406.6
867,-632.4,-1168.2,1410.5,35,PO_left,0.9,11,3,8,142.4,0.4,2500.3,342.6
868,-586.9,-1153.2,1531.3,32,PO_left,0.9,10,2,8,134.5,0.4,2031.5,354.0
869,-586.0,-1177.3,1337.5,38,PO_left,0.9,9,3,6,139.7,0.4,2259.9,390.9
870,-313.2,-1059.0,1323.9,18,PO_left,0.9,10,2,8,143.5,0.4,1988.4,350.3
871,-46.9,-883.7,1636.8,27,PO_left,0.9,11,3,8,120.8,0.3,2523.0,382.3
872,-601.0,-1250.4,776.2,7,PO_left,0.9,10,5,5,166.8,0.4,2281.7,393.2
873,-666.7,-1180.1,948.1,4,PO_left,0.9,10,3,7,151.7,0.4,1985.3,354.6
874,-247.9,-1110.8,1678.2,64,PO_left,0.9,12,3,9,106.4,0.3,2317.2,379.5
875,-470.4,-1084.3,1145.0,41,PO_left,0.9,10,1,9,158.9,0.4,2048.3,396.0
876,-453.2,-1066.5,1331.6,53,PO_left,0.9,12,4,7,172.6,0.5,1912.0,333.4
877,-83.0,-770.7,1032.4,12,PO_left,0.9,11,3,8,206.5,0.5,2273.6,397.9
878,-529.9,-1116.4,1260.7,66,PO_left,0.9,10,1,9,156.3,0.3,1923.7,470.3
879,-39.8,-968.9,1711.0,14,PO_left,0.9,8,2,6,191.3,0.5,1808.6,373.3
880,-461.1,-1041.3,1451.5,61,PO_left,0.9,9,2,7,174.2,0.5,1597.9,360.3
881,-179.3,-865.8,1123.6,17,PO_left,0.9,7,2,5,78.5,0.3,747.6,293.0
882,-559.7,-1117.9,1062.0,69,PO_left,0.9,12,3,9,165.9,0.4,2498.3,394.9
883,-576.6,-1261.3,1148.7,26,PO_left,0.9,11,2,9,154.2,0.4,2585.7,395.5
884,-508.0,-1065.7,1198.7,66,PO_left,0.9,10,3,7,133.2,0.4,1828.7,373.5
885,-192.7,-1028.0,1436.4,5,PO_left,0.9,10,3,7,157.2,0.4,2224.0,418.0
886,-227.5,-1015.8,1509.5,5,PO_left,0.9,11,2,8,158.0,0.5,1949.7,342.8
887,-370.0,-1093.4,1576.9,20,PO_left,0.9,8,1,7,131.4,0.4,1390.8,314.7
888,-513.0,-1210.5,1051.1,22,PO_left,0.9,10,1,9,169.3,0.4,2533.6,424.1
889,-210.3,-1070.1,1689.4,60,PO_left,0.9,11,3,7,135.3,0.4,1013.5,313.5
890,-556.6,-1087.6,1055.0,69,PO_left,0.9,9,3,6,117.6,0.3,1474.1,382.6
891,-612.2,-1176.7,857.1,7,PO_left,0.9,11,1,10,169.6,0.5,2152.5,369.6
892,-136.4,-803.6,1135.1,36,PO_left,0.9,8,1,6,155.2,0.4,1660.2,409.0
893,-181.0,-990.4,1421.8,30,PO_left,0.9,11,2,9,186.6,0.4,2877.5,431.8
894,-92.5,-623.1,676.0,56,PO_left,0.9,11,3,8,132.2,0.3,3025.0,431.5
895,-499.7,-1136.9,1506.9,24,PO_left,0.9,12,3,8,109.8,0.3,2126.8,386.4
896,-555.3,-1142.3,852.8,15,PO_left,0.9,9,2,7,178.4,0.5,2143.1,392.4
897,-172.1,-1036.8,1336.7,25,PO_left,0.9,10,2,8,179.6,0.4,2232.0,401.9
898,-418.0,-1117.2,1448.5,61,PO_left,0.9,9,3,6,160.2,0.5,1401.4,341.2
899,-79.7,-745.0,1007.7,12,PO_left,0.9,9,2,7,157.4,0.4,2139.9,418.1
900,-396.4,-1106.1,1342.7,18,PO_left,0.9,9,2,7,170.1,0.4,1515.5,413.0
901,-432.5,-1142.5,1189.5,8,PO_left,0.9,8,2,5,164.1,0.4,1747.4,443.4
902,-567.0,-1241.2,913.5,21,PO_left,0.9,9,1,8,162.5,0.5,2144.6,354.5
903,-172.8,-756.8,799.5,46,PO_left,0.9,9,3,6,136.8,0.3,1874.7,425.2
904,-476.8,-1061.4,1160.2,41,PO_left,0.9,9,4,5,155.3,0.4,2491.5,442.2
905,-398.0,-1038.2,1110.9,55,PO_left,0.9,6,3,3,104.4,0.5,742.4,204.0
906,-175.7,-855.4,949.2,28,PO_left,0.9,9,3,6,177.2,0.4,2489.4,435.3
907,-73.1,-950.2,1330.3,58,PO_left,0.9,10,2,8,157.2,0.3,2297.5,454.0
908,-528.5,-1218.7,1133.1,26,PO_left,0.9,8,2,6,194.8,0.5,1616.5,391.6
909,-32.0,-899.1,1595.6,27,PO_left,0.9,8,2,6,148.3,0.4,1436.4,372.8
910,-532.9,-1254.8,988.3,21,PO_left,0.9,11,1,10,135.5,0.3,2615.8,390.1
911,-659.9,-1257.3,1436.4,33,PO_left,0.9,10,1,9,153.1,0.4,1902.3,391.7
912,-680.8,-1246.9,940.9,48,PO_left,0.9,8,2,6,170.2,0.4,971.2,393.9
913,-454.6,-1143.6,1118.0,22,PO_left,0.9,9,1,8,128.5,0.3,1808.9,415.8
914,-189.1,-970.3,1521.5,5,PO_left,0.9,9,2,7,108.2,0.3,2001.2,348.6
915,-424.4,-1131.5,1470.9,24,PO_left,0.9,12,2,10,173.4,0.4,1996.1,437.7
916,-462.9,-1131.0,1062.3,22,PO_left,0.9,10,2,8,176.0,0.4,2023.1,403.4
917,-50.2,-866.9,1602.3,27,PO_left,0.9,10,3,7,152.9,0.4,1920.1,396.1
918,-143.5,-923.0,1155.3,17,PO_left,0.9,9,2,7,116.6,0.3,1470.5,449.3
919,-457.7,-1074.5,1598.6,20,PO_left,0.9,10,1,9,129.3,0.3,1868.9,418.7
920,-87.7,-613.5,644.9,56,PO_left,0.9,12,1,11,179.4,0.4,2175.2,399.6
921,-568.1,-1285.5,1047.5,26,PO_left,0.9,14,1,13,150.1,0.3,3427.9,437.5
922,-309.2,-1057.2,1396.0,57,PO_left,0.9,9,1,8,161.1,0.4,1773.1,373.6
923,-611.8,-1197.9,1340.3,38,PO_left,0.9,8,2,6,217.7,0.5,2065.7,428.1
924,-568.0,-1188.7,890.6,21,PO_left,0.9,8,2,6,152.6,0.5,1734.4,324.0
925,-562.0,-1102.6,999.8,69,PO_left,0.9,10,1,9,158.7,0.4,1837.9,381.1
926,-493.2,-1081.5,1379.4,61,PO_left,0.9,11,3,8,168.2,0.5,2287.6,373.1
927,-666.2,-1212.7,1050.7,40,PO_left,0.9,9,2,7,187.8,0.4,1908.4,426.4
928,-658.8,-1182.3,1105.9,40,PO_left,0.9,8,3,5,151.6,0.4,1515.4,342.7
929,-400.6,-1008.8,1229.4,53,PO_left,0.9,9,1,7,120.3,0.3,1827.8,390.6
930,-56.9,-990.4,1614.8,10,PO_left,0.9,11,3,8,136.0,0.3,2690.2,414.1
931,-401.9,-1123.0,1719.8,16,PO_left,0.9,9,2,7,124.8,0.5,1240.6,254.9
932,-95.3,-813.1,1090.0,12,PO_left,0.9,9,1,8,147.0,0.3,2203.2,444.5
933,-232.2,-1006.4,1189.4,52,PO_left,0.9,12,3,9,128.7,0.3,1902.3,379.2
934,-525.6,-1124.3,1533.6,32,PO_left,0.9,11,1,10,129.0,0.4,1956.3,355.0
935,-602.0,-1115.1,1459.6,35,PO_left,0.9,10,1,9,194.5,0.5,2355.8,402.9
936,-54.1,-581.0,535.9,1,PO_left,0.9,11,1,10,158.7,0.4,2408.8,433.5
937,-490.8,-1131.5,866.2,15,PO_left,0.9,11,1,10,204.8,0.5,2357.0,437.6
938,-180.4,-1023.6,1434.9,5,PO_left,0.9,9,3,6,130.6,0.4,1785.1,362.4
939,-341.9,-1109.3,1335.9,18,PO_left,0.9,11,3,8,174.2,0.4,2108.2,433.7
940,-56.6,-917.8,1654.4,27,PO_left,0.9,10,2,8,131.6,0.3,2362.3,432.1
941,-313.4,-1137.2,1666.4,16,PO_left,0.9,9,2,7,189.1,0.5,1616.8,375.2
942,-114.8,-852.9,1171.9,36,PO_left,0.9,10,1,9,221.2,0.5,2283.9,427.5
943,-371.3,-1082.2,1367.0,18,PO_left,0.9,10,2,7,155.5,0.4,2095.3,413.9
944,-505.0,-1207.3,1201.4,8,PO_left,0.9,10,2,8,156.4,0.4,2166.7,399.1
945,-523.9,-1194.7,1157.9,8,PO_left,0.9,12,3,9,145.3,0.4,2796.3,411.3
946,-630.8,-1255.8,1559.0,39,PO_left,0.9,12,2,10,140.1,0.4,2087.9,341.2
947,-586.6,-1185.9,1231.7,19,PO_left,0.9,9,1,8,151.1,0.4,1784.3,397.6
948,-241.2,-1116.4,1692.2,64,PO_left,0.9,10,2,7,102.6,0.3,1227.6,337.1
949,-424.8,-1132.1,1585.4,20,PO_left,0.9,10,3,7,200.7,0.5,2451.7,432.5
950,-129.3,-780.0,970.4,67,PO_left,0.9,10,2,8,175.8,0.4,2311.9,390.8
951,-106.7,-942.0,1587.7,10,PO_left,0.9,10,2,8,110.3,0.3,2251.8,396.8
952,-142.5,-789.9,1006.0,71,PO_left,0.9,11,1,10,140.0,0.3,2457.5,453.8
953,-202.8,-989.2,1265.9,52,PO_left,0.9,12,3,9,145.4,0.4,2374.8,392.9
954,-96.9,-913.5,1543.5,29,PO_left,0.9,9,1,8,140.2,0.4,1431.9,313.8
955,-529.9,-1202.4,1372.7,62,PO_left,0.9,11,1,10,157.4,0.4,2436.3,370.7
956,-112.4,-673.5,409.9,31,PO_left,0.9,9,3,6,133.8,0.4,1899.9,373.9
957,-585.3,-1234.7,981.2,42,PO_left,0.9,10,3,7,137.4,0.3,2107.9,451.7
958,-612.5,-1282.2,1251.9,49,PO_left,0.9,9,2,7,168.5,0.5,1868.6,346.9
959,-247.8,-986.5,1125.7,34,PO_left,0.9,7,1,6,193.3,0.5,1620.5,356.3
960,-169.4,-985.4,1200.9,52,PO_left,0.9,8,1,7,166.2,0.4,2527.2,449.4
961,-483.9,-1074.6,1396.5,61,PO_left,0.9,7,2,5,129.1,0.4,1325.0,343.1
962,-21.2,-934.7,1607.6,10,PO_left,0.9,9,1,8,173.4,0.5,2105.4,384.1
963,-186.8,-1009.1,1336.8,25,PO_left,0.9,13,4,9,173.4,0.4,2641.5,407.9
964,-592.6,-1107.4,1064.5,69,PO_left,0.9,10,3,6,160.1,0.4,2106.4,380.2
965,-515.5,-1097.8,1035.3,69,PO_left,0.9,10,1,9,157.5,0.4,2002.7,395.1
966,-93.1,-971.9,1478.9,29,PO_left,0.9,7,1,6,130.7,0.3,1600.8,449.9
967,-705.1,-1197.7,1031.5,4,PO_left,0.9,10,2,8,188.2,0.5,1886.0,385.1
968,-379.9,-1009.9,1329.5,18,PO_left,0.9,9,1,8,57.1,0.4,866.3,157.5
969,-609.9,-1109.9,939.6,69,PO_left,0.9,10,2,7,159.9,0.4,2248.9,405.5
970,-87.8,-937.3,1194.0,13,PO_left,0.9,10,2,8,158.3,0.4,2332.0,447.0
971,-103.1,-917.7,1688.9,3,PO_left,0.9,10,3,7,135.5,0.3,2142.7,435.7
972,-148.1,-923.2,1605.8,3,PO_left,0.9,10,1,9,154.1,0.4,3015.5,418.0
973,-370.3,-1057.8,1184.8,68,PO_left,0.9,7,2,5,151.2,0.3,1592.0,439.9
974,-106.6,-890.9,1352.1,0,PO_left,0.9,10,2,8,165.2,0.5,1765.0,305.2
975,-556.1,-1131.1,851.5,15,PO_left,0.9,8,2,6,144.2,0.4,1601.2,378.0
976,-188.3,-1003.1,1490.3,5,PO_left,0.9,9,1,8,143.0,0.4,1984.1,364.7
977,-362.8,-1087.5,1686.1,16,PO_left,0.9,10,1,9,141.2,0.4,2606.8,378.9
978,-89.2,-932.5,1644.4,10,PO_left,0.9,11,2,9,132.6,0.4,2450.6,355.9
